source,dataset,source_fields,received_evidence,intermediate_or_parser,canonical_or_resolved,preservation_class,analytical_impact,evidence
LIGHTSPEED,detailed_sales,Sale Number,372 distinct numbers in one Oct 5 detailed report,not read,no transaction field,Dropped from structure,Partial historical transaction reconstruction possible only raw,payload-analysis LightspeedInsightsCsvParser.java:35-52
LIGHTSPEED,detailed_sales,Sale Type and Order Type,headers in retained detailed bodies,not read,none,Dropped from structure,Refund and order classification unavailable,payload-shapes LightspeedInsightsCsvParser.java:35-52
LIGHTSPEED,detailed_sales,Sale Opened Date,date-only populated detailed reports,not read,none,Dropped from structure,Opened-day attribution unavailable; no hour input demonstrated,payload-shapes
LIGHTSPEED,sales,Reconciliation Date,dated report rows,LocalDate parse,trading_date,Normalised,Daily grouping uses reconciliation not opened date,LightspeedInsightsCsvParser.java:41-52
LIGHTSPEED,sales,Reconciliation Start Date and End Date,retained CSV fields,not read,none,Dropped from structure,Trading-session boundaries not modelled,payload-shapes
LIGHTSPEED,sales,Total Inc Tax and Total Adjustment Inc Tax,populated including negatives and adjustments,BigDecimal plus optional null to zero,total_sales daily sum,Aggregated,No individual adjustment or refund lineage,LightspeedIngestService.java:77-86;104-110
LIGHTSPEED,sales,Total Tax and Total Adjustment Tax,populated reports,BigDecimal plus optional null to zero,gst_total and net computed,Aggregated,Daily tax retained not individual taxes,LightspeedIngestService.java:104-110
LIGHTSPEED,sales,Total Revenue Total Cost Sales Cost Inc Tax Cost Ex Tax,retained report headers,not read,none,Dropped from structure,Costs counts and revenue definitions not queryable,payload-shapes
LIGHTSPEED,sale_lines,product IDs line IDs payment method timestamp hour,not demonstrated received,none,none,Not received,Atomic product/hour/payment analysis blocked,payload-shapes
LIGHTSPEED,products,Product Quantity Sale Amount,no production payload,parser contract exists,name/day quantity/amount,Code-defined aggregation risk,Arrival date and name grouping; blanks default zero,LightspeedProductIngestService.java:52-71 LightspeedProductCsvParser.java:82-85
CTB,revenue,revenueId department outlet created date,374 latest source rows,subset read,daily identity only,Dropped from structure,No source observation entity or departmental revenue filter,CtbRevenueParser.java:43-50 CtbConnector.java:120-125
CTB,revenue,totalSales GSTTotal kitchenRevenueTotal,374 latest source rows,BigDecimal sum,187 daily source rows,Aggregated without observed monetary loss,Independent raw-to-canonical exact agreement,R02
CTB,revenue,totalDiscount,received JSON field,not read,none,Dropped from structure,Department/day discount analysis absent,payload-analysis
CTB,product_sales,stockCode,502 latest source codes,read into CtbSaleItem,dropped from ProductSalesInput,Dropped from structure,All 502 raw codes join recipe links but canonical cannot,CtbSaleItemParser.java:29-34 CtbConnector.java:149-161 R04
CTB,product_sales,stockDescription,populated latest observations,normalised name,product_name_key,Normalised with identity loss,520 names are not stable product IDs,CtbConnector.java:149-161
CTB,product_sales,quantitySold amount,populated latest observations,group and sum,daily quantity_sold amount,Aggregated,No transaction lineage; daily product totals usable,I05
CTB,product_sales,costPerUnit foodCost totalFoodCost profit,8704 nonzero totalFoodCost observations,not read,none,Dropped from structure,Source-estimated margin already recoverable raw,R03
CTB,product_sales,discountedAmount taxAmount unitPrice,11707 nonzero discounts and 11683 nonzero taxes,not read,none,Dropped from structure,Discount and tax product analysis absent,R03
CTB,product_sales,recipeName portionUOMInRecipe portionWeightInRecipe,populated field structures,not read,none,Dropped from structure,Partial recipe/cost context hidden; composition still absent,payload-analysis
CTB,product_sales,parentStockCode siteNumber uniqueId uniqueGroupId,received JSON fields,not read,none,Dropped from structure,Grouping namespace and parent identity lost,payload-shapes
CTB,product_sales,saleDate,all latest values null,request day supplies date,trading_date,Missing request-context provenance,Raw byte replay lacks explicit day window,payload-analysis CtbConnector.java:128-147
CTB,invoices_ajax,invoiceId invoiceNo supplierId supplierName,1174 IDs and 101 supplier IDs,raw only,none from AJAX,Raw only,Stable business identities available without new integration,R01
CTB,invoices_ajax,status dates currencies discounts totals tax return flags,received source snapshot,raw only,none from AJAX,Raw only,Reconciliation and document semantics unavailable structured,payload-shapes
CTB,sale_recipe_links,saleItemRecipeId saleItemStockCode recipeId active flag,639 latest links and 445 recipe IDs,raw only,none,Raw only,Source-code join works; activity and multiple recipes need policy,R04 payload-analysis
CTB,invoice_csv,SupplierCode OutletCode OutletName,full CSV headers,not retained,none,Dropped from structure,Supplier and venue identity absent,payload-analysis CtInvoiceCsvParser.java:48-62
CTB,invoice_csv,SupplierGLCode StockGLCode,full CSV headers,not read,category always null,Dropped from structure,Potential category mapping inputs unused,payload-analysis I02
CTB,invoice_csv,Invoice Supplier Date InvoiceDueDate PONumber PDF,full CSV fields,group by Invoice first header,canonical header,Partially preserved,Number collisions and first-field grouping lose identity,CtInvoiceCsvParser.java:48-65
CTB,invoice_csv,Total InvoiceTotalExTax GST InvoiceFreight,full CSV fields,BigDecimal parse,header total ex-tax GST freight,Normalised,97 header/line differences need explanation,I03
CTB,invoice_csv,InvoiceTaxFlag InvoiceFreightExTax LineTax LineTaxFlag LineDiscount DocumentType,full CSV fields,not retained,none,Dropped from structure,Tax discount freight and credit-note reconciliation weakened,payload-analysis
CTB,invoice_csv,InvoiceCreatedDate InvoiceUpdatedDate,full CSV fields,not read,recorded_at is ingest time,Dropped from structure,Source correction times not preserved structured,payload-analysis
CTB,invoice_csv,StockCode StockDescription,full CSV fields,stock code plus normalised name,canonical line,Partially preserved,478 current stock codes missing; no stock master,I02
CTB,invoice_csv,LineQuantity,all 14 files inspected,first numeric whitespace token else 1,quantity,Approximation rule; zero measured fallback,Package units still coarse; cannot identify fallback on canonical alone,payload-analysis CtInvoiceCsvIngestService.java:123-134
CTB,invoice_csv,LineUnitCostExTax,full exports populated; 6 minimal reports omit,blank defaults zero,unit_cost,Defaulted when missing,22 current zero costs; provenance of default not retained,I02 CtInvoiceCsvIngestService.java:84
CTB,invoice_csv,LineTotalExTax,populated eligible CSV rows,BigDecimal parse,line_total and purchases sum,Normalised,Projection matches lines but source invoice controls can disagree,I03 I05
CTB,invoice_pdf,uom unitQuantity packSize wetAmount,partial extraction demonstrated by rows,PDF match/enrichment,4032 UOM 955 unitQuantity 331 packSize 178 WET,Partially preserved,Measurements usable only with extraction/unit confidence,I02 CanonicalInvoiceLineEnrichment.java:71-90
CTB,invoice_pdf,extracted quantity,extractor model supports it,not passed to enrichment,CSV quantity unchanged,Dropped from enrichment,PDF does not correct coarse CSV quantity,InvoicePdfEnrichmentService.java:51-60
CTB,invoice_pdf,raw PDF ID parser version confidence,2654 PDF raw records,not passed to canonical,CSV raw_record_id reused,Provenance not preserved,Field evidence cannot be traversed to originating PDF,C04 CanonicalInvoiceLineEnrichment.java:23-25
CTB,recipes_stock_wastage,recipe composition stock movements counts wastage,no retained payloads,blocked after getAllRecipes,empty models or no entities,Not received,Do not infer ingredient/movement content from documentation,I01 C01
DEPUTY,timesheets,scheduled actual hours costs employee time bounds,no raw payload,parser absent,empty labour and shifts,Unknown source contract,Model columns are not evidence of source availability,P01 DeputyIngestController.java:18-25
OPENTABLE,reservations,Reservation ID Date Time Party Size Status Table Source Guest Name,no raw payload,CSV contract and status normalisation,empty reservation table,Code contract only,Real export compatibility and lifecycle grain unknown,OpenTableCsvParser.java:43-74;103-115
ALL,canonical,raw_record_id source_record_ref,all populated canonical versions,source fact services,FK to one raw payload,Single-evidence preserved,Multiple contributors and field lineage absent,T01
ALL,canonical,valid_from valid_to recorded_at superseded_at,31684 populated versions,valid_from equals recorded_at,all valid_to null,System history only in practice,Business-effective bitemporal interpretation unsupported,T01
