finding_id,severity,priority,confidence,evidence_class,title,observed_evidence,affected_system,business_impact,recommended_action,evidence_reference
F01,High,P0,High,production plus code,Sales chart sums competing sources,8 of 8 multi-source chart-input dates differ from resolved values,Sales frontend,Revenue inconsistent with dashboards,Use resolved trend and retain source observations table,T03 frontend/app/(app)/sales/page.tsx:55-62
F02,High,P0,High,production plus code,CTB recipe failure blocks later datasets,5 PARTIAL runs fail non-JSON getAllRecipes; 0 recipes and downstream payloads,CTB web ingestion,Inventory supplier count wastage coverage absent,Diagnose authorised external response contract and isolate dataset attempts,I01 C01 CtbClient.java:227-239;300-305 CtbConnector.java:75-88
F03,High,P0,High,production plus code,Invoice number not globally unique,1174 source invoice IDs / 1172 number keys; 2 cross-supplier collisions; 2 CSV collision keys,Canonical invoices and lines,Suppliers and invoices can merge overwrite or misattribute spend,Retain stable source IDs supplier scope and line-to-invoice keys,R01 payload-analysis CanonicalInvoiceService.java:31-33;67-68
F04,High,P0,High,production fact,Invoice controls disagree,97 of 1167 header-ex-tax totals differ from line sums over one cent; freight does not explain,CTB purchasing,Purchasing accuracy and reconciliations untrustworthy,Explain and quarantine differences using identity tax discount and source controls,I03 evidence/integrity.csv:12-13
F05,High,P0,Medium,production plus code,Ordinal identities leave stale or duplicated candidates,1 current sequence-tail beyond latest parseable CSV length; 18 repeat groups / 79 excess candidate lines,Canonical invoice lines,Obsolete or ambiguous lines may inflate purchases,Verify replacement semantics and stable source-line matching; do not delete candidates blindly,payload-analysis I03 CtInvoiceCsvIngestService.java:72-90 CanonicalInvoiceLineService.java:38-49
F06,High,P0,High,production plus code,Raw SUCCESS is not transform success,Push runs complete before parsers and PDF enrichment; 24 Lightspeed SUCCESS including 8 empty dated reports,Ingestion ledger,Silent parse/canonical/projection failures can look healthy,Add dataset-stage accounting and post-raw terminal outcomes,C02 payload-analysis IngestionService.java:111-124 CtbSftpPull.java:66-78
F07,Medium,P1,High,production plus code,Stable entities and recipe links stranded raw,30 invoice AJAX pages and 20 link pages; 639 links and 445 recipe IDs,CTB canonical model,Existing integrations cannot be used for relationship traversal,Canonicalise source IDs links and effective active mappings,R01 R04 payload-analysis CtbConnector.java:78-88
F08,Medium,P1,High,production plus code,Populated product cost tax discount fields dropped,8704 latest nonzero food-cost observations and 502 raw stock codes discarded,CTB product canonical pipeline,Source-estimated margin and tax discount analysis hidden,Preserve rich source-product-day observations with request windows,R03 CtbSaleItemParser.java:29-34 CtbConnector.java:149-161
F09,High,P0,High,production plus code,Freshness conflates all CTB datasets,Latest CSV SUCCESS Oct 9 masks latest web PARTIAL Oct 8; PARTIAL not SOURCE_FAILURE,Trust and connector health,Fresh labels may apply to datasets not delivered,Track freshness by dataset/window and last queryable completion,T04 ConnectorHealthService.java:19-22 TrustService.java:242-271
F10,Medium,P0,High,production plus code,Ingestion completeness measures run cleanliness,2698 clean of 2719 terminal runs -> 99%; 2654 are PDF writes,Data health and Dashboard,Owner sees high completeness despite source gaps,Rename proxy and add grain-aware source/stage completeness,C02 IngestionService.java:167-212
F11,Medium,P1,High,code behaviour; production occurrence unknown,Lightspeed products use arrival date,LocalDate.now assigns report date; zero product deliveries observed,Lightspeed product parser,Delayed/backfilled multi-day reports would be misattributed,Require explicit report date/window and validate it before enabling,C01 LightspeedProductIngestService.java:52-71
F12,Medium,P1,High,production plus code,Independent business valid-time not implemented,31684 versions valid_from equals recorded_at; all valid_to null,Canonical bitemporal model,As-of business-effective analysis can overcount or exclude old periods,Define time axes and add correct current/system/as-of views,T01 BitemporalEntity.java:70-78 CanonicalInvoiceLineService.java:51-70
F13,Medium,P0,High,production plus code,Purchasing and blended UOM labelled as costing,All categories null; unit quantity missing 84.49%; purchases/gross labelled food cost,Inventory metric and Kitchen,Margin COGS and ingredient unit costs can be misinterpreted,Separate purchase spend consumption COGS category tax/unit basis and confidence,I02 MetricCatalog.java:204-213;322-327 InvoiceLineMetricsServiceImpl.java:40-74
F14,Medium,P3,High,code behaviour; runtime click unverified,Reservation Covers Trace unsupported,Frontend requests reservations.covers provenance but backend allows only sales metrics,Reservations frontend and provenance API,Drilldown would fail when real covers arrive,Implement authorised reservation lineage or suppress unsupported Trace,reservations/page.tsx:73-77 TrustService.java:127-132
F15,Medium,P0,High,production plus code,Unauthenticated API redirects blur session failure,GET data endpoints return 302 login even JSON Accept; followed response HTML,Security frontend API client,Session expiry appears unreadable response rather than permission denial,Return typed API 401/403 and handle session expiry explicitly,http-read-checks.json frontend/lib/api/client.ts:28-46
F16,Medium,P2,High,code plus production configuration,Explorer and metrics lack relational query interface,10/5 fixed registries; 26 compiled metrics; 4 dashboards/7 predefined-query widgets,Explorer semantic query and AI,Novel joins formulas and saved relational questions require Java,Add typed authorised metadata/query plan and versioned definitions,MetricQuery.java:6-15 MetricCatalog.java:90-335 DataExplorerController.java:37-84 T06
F17,High,P1,High,production fact,Major domains have no received data,Deputy OpenTable counts wastage recipes stock dedicated datasets absent,Source coverage,Staff reservation recipe and consumption questions impossible,Obtain real approved source contracts and manifest complete windows,C01 P01 I01
F18,Medium,P0,High,code behaviour; production endpoint not invoked,Z-report webhook missing security exemptions,Controller route exists but permitAll and CSRF ignore lists omit it,Lightspeed Z-report,Token-only source push cannot reach intended raw ingestion without session,Align endpoint gate contract and offline security tests,api/LightspeedIngestController.java:74-84 config/SecurityConfig.java:38-71
F19,Medium,P0,Medium,code risk; no current non-owner disclosure demonstrated,Composite reads lack recursive operand permission gates,Dashboard/tools authorise declared metric; inventory/labour services read other domains; only OWNER granted today,Reporting permissions,Future roles or dynamic metrics could read unauthorised operands,Authorise base fields datasets and constituents before query execution,T05 SavedDashboardApplicationService.java:250-257 ToolDispatcher.java:35-39 InventoryReportingService.java:53-63
F20,Medium,P1,High,production plus code,Incomplete field and all-contributor lineage,0 PDF canonical FK refs despite 4032 UOM lines; aggregate pointers single raw; provenance limited to sales,Raw canonical resolved semantic,Cannot navigate every calculated number to contributing evidence,Add many-contributor field evidence and versioned parser outputs,C04 I02 CanonicalInvoiceLineEnrichment.java:23-25 TrustService.java:127-132
F21,Medium,P0,High,code behaviour with measured sparse dates,Partial totals and derived ratios can look complete,Partial buckets emit numeric sums; summary DTOs omit completeness; derived ratios ignore missing-day lists,Semantic aggregators and reporting summaries,Incomplete periods can produce apparently complete ratios,Carry expected-window status missingness and operand coverage through totals,GrainAggregator.java:24-57 DerivedMetricExecutor.java:102-139 InventoryReportingService.java:69-91
F22,High,P1,High,production plus code,Atomic current sales absent structured and latest reports aggregate,canonical_sale_item empty; latest Lightspeed reports one daily row no Sale Number,Sales fact model,Transaction-hour-product-service and atomic drilldown blocked,Retain available historical details and obtain verified atomic source feed,payload-analysis P01 LightspeedInsightsCsvParser.java:35-52
F23,Medium,P0,High,production plus code,Invoice ingestion flags inaccessible via audited read APIs,916 flags exist; no registry/controller/query reader found,Invoice ingestion data health UI,Owner cannot inspect recorded PDF-only and missing-PDF anomalies,Expose sanitised authorised paginated flags and link affected invoice evidence,C03 InvoiceIngestFlagService.java:25-35 CanonicalBrowseQuery.java:59-70 DataExplorerQueryImpl.java:78-84
