source,dataset,input_path,raw_payload_count,current_structured_rows,latest_arrival_utc,classification,semantic_queryable,frontend_access,relational_exploration,evidence,qualification
LIGHTSPEED,daily_sales,Looker webhook JSON plus CSV,24,8,2026-10-08T19:09:34Z,Partially canonicalised and resolved,yes daily metrics,implemented Sales and Dashboard; authenticated rendering unknown,date and source only,C01 C04 I02 payload-analysis,8 empty reports; latest reports aggregate only; source completeness unknown
LIGHTSPEED,product_sales,product report webhook,0,0,,Not received,contract exists,no real data,current registry only,C01 P01 LightspeedProductIngestService.java:41-75,Arrival-date attribution is code risk not measured defect
LIGHTSPEED,zreport,Z-report webhook,0,0,,Not received,no,raw browser only if received,none,C01 SecurityConfig.java:38-71,Route lacks unauthenticated and CSRF-exempt matcher
CTB,daily_revenue,AJAX SearchRevenues,973 shared revenue/product pages,187,2026-10-08T17:21:37Z,Partially canonicalised and resolved,yes daily metrics,implemented Sales and Dashboard,date/source only,C01 R02 CtbConnector.java:91-125,Latest raw 374 department rows sum exactly to 187 daily facts; metadata mixes datasets
CTB,product_sales,AJAX per-day SearchSaleItemsByDateRange,973 shared revenue/product pages,13185,2026-10-08T17:21:37Z,Partially canonicalised and resolved,yes product amount quantity and ranking,implemented top sellers and Explorer,name/date; source codes not structured,R03 R04 I05,Latest 12951 raw observations; 502 source stock codes; nonzero cost fields dropped
CTB,invoices_ajax,AJAX SearchInvoices,30,0,2026-10-08T17:21:40Z,Raw only,no,raw payload browser only,source invoice supplier IDs recoverable,R01 C01 payload-shapes,Latest 1174 invoice IDs and 101 supplier IDs; two number collisions
CTB,sale_recipe_links,AJAX distinct sale items linking with recipes,20,0,2026-10-08T17:21:51Z,Raw only,no,raw payload browser only,502 of 502 sales codes overlap raw links,R04 payload-analysis,Latest 639 links and 445 recipe IDs; 7 sale codes multi-recipe
CTB,invoice_csv,SFTP or manual token drop,14,1167 headers plus 6156 lines,2026-10-09T00:24:00Z,Partially canonicalised and purchases resolved,yes purchasing and supplier spend,implemented Kitchen graph and Explorer,number-key joins ambiguous across suppliers,I02 I03 R01 payload-analysis,97 header-line mismatches; 0 measured quantity fallback; post-storage outcomes incomplete
CTB,invoice_pdf,SFTP drop,2654,4032 lines with UOM,2026-10-08T18:30:59Z,Raw evidence plus partial enrichment,yes UOM blend and supplier WET,implemented Kitchen and Explorer,no field-level PDF FK,C01 I02 C04,0 PDF canonical FK references does not mean no enrichment; extraction accuracy unknown
CTB,recipes,AJAX GetAllRecipes,0,0,,Not received,no,Recipes placeholder,none,I01 C01 CtbConnector.java:81,Non-JSON endpoint failure aborts before persistence; ingredients not demonstrated
CTB,stocks,AJAX SearchStocks,0,0,,Not received,no,no stock data,none,I01 C01 CtbConnector.java:82,Downstream of recipe failure
CTB,suppliers,AJAX GetAllSuppliers,0,0,,Not received,no master API,invoice supplier names only,none for master,I01 C01 CtbConnector.java:83,Supplier IDs nevertheless present in raw invoice AJAX
CTB,stocktakes,AJAX SearchStocktakes,0,0,,Not received,no populated metric,empty canonical counts,none,I01 C01 P01,Downstream of recipe failure
CTB,wastage,AJAX SearchWastageRecords,0,0,,Not received,metric exists but null,Kitchen wastage null,none,I01 C01 I05,No expected event population known
CTB,stock_orders,AJAX SearchStockOrders,0,0,,Not received,no,no,none,I01 C01,Downstream of recipe failure
CTB,supplier_statements,AJAX SearchStatement rolling 12 months,0,0,,Not received,no,no,none,I01 C01 CtbConnector.java:181-186,No current payload contract validated
CTB,reference_data,AJAX departments activities categories UOM conversions,0,0,,Not received,no,no,none,I01 C01 CtbConnector.java:188-194,Six reference calls downstream of recipe failure
DEPUTY,timesheets_shifts,arbitrary-body token webhook,0,0,,Not received,no populated labour metric,Staff empty live facts,none,C01 P01 DeputyIngestController.java:18-25,No parser; no effective drop token found; external schema unknown
OPENTABLE,reservations,manual GuestCenter CSV and owner upload,0,0,,Not received,contract and executors exist,no real reservation rows,none,C01 P01 OpenTableCsvParser.java:43-74,Token configured does not establish exports; status/date contract unverified against real source
