table_name,rows,count_method,current_rows,superseded_rows,population_and_missingness,columns,constraints,indexes
canonical_daily_sales,203,exact,195,8,"{""current_rows"": 195, ""gst_total_nulls"": 0, ""id_nulls"": 0, ""logical_entity_id_distinct"": 187, ""logical_entity_id_nulls"": 0, ""net_total_nulls"": 0, ""raw_record_id_nulls"": 0, ""recorded_at_max"": ""2026-10-08T19:09:34.416512+00:00"", ""recorded_at_min"": ""2026-10-06T01:11:46.277425+00:00"", ""recorded_at_nulls"": 0, ""row_count"": 203, ""source_record_ref_distinct"": 187, ""source_record_ref_nulls"": 0, ""source_system_distinct"": 2, ""source_system_nulls"": 0, ""superseded_at_max"": ""2026-10-08T17:00:56.199819+00:00"", ""superseded_at_min"": ""2026-10-06T08:02:50.185303+00:00"", ""superseded_at_nulls"": 195, ""superseded_rows"": 8, ""total_sales_nulls"": 0, ""trading_date_max"": ""2026-10-08"", ""trading_date_min"": ""2026-04-02"", ""trading_date_nulls"": 0, ""valid_from_max"": ""2026-10-08T19:09:34.416512+00:00"", ""valid_from_min"": ""2026-10-06T01:11:46.277425+00:00"", ""valid_from_nulls"": 0, ""valid_to_max"": null, ""valid_to_min"": null, ""valid_to_nulls"": 203}","[{""ordinal"": 1, ""name"": ""id"", ""native_type"": ""uuid"", ""nullable"": false, ""default"": """"}, {""ordinal"": 2, ""name"": ""logical_entity_id"", ""native_type"": ""uuid"", ""nullable"": false, ""default"": """"}, {""ordinal"": 3, ""name"": ""trading_date"", ""native_type"": ""date"", ""nullable"": false, ""default"": """"}, {""ordinal"": 4, ""name"": ""source_system"", ""native_type"": ""character varying(255)"", ""nullable"": false, ""default"": """"}, {""ordinal"": 5, ""name"": ""source_record_ref"", ""native_type"": ""character varying(512)"", ""nullable"": false, ""default"": """"}, {""ordinal"": 6, ""name"": ""raw_record_id"", ""native_type"": ""uuid"", ""nullable"": false, ""default"": """"}, {""ordinal"": 7, ""name"": ""total_sales"", ""native_type"": ""numeric(14,4)"", ""nullable"": false, ""default"": """"}, {""ordinal"": 8, ""name"": ""gst_total"", ""native_type"": ""numeric(14,4)"", ""nullable"": false, ""default"": """"}, {""ordinal"": 9, ""name"": ""net_total"", ""native_type"": ""numeric(14,4)"", ""nullable"": false, ""default"": """"}, {""ordinal"": 10, ""name"": ""valid_from"", ""native_type"": ""timestamp(6) with time zone"", ""nullable"": false, ""default"": """"}, {""ordinal"": 11, ""name"": ""valid_to"", ""native_type"": ""timestamp(6) with time zone"", ""nullable"": true, ""default"": """"}, {""ordinal"": 12, ""name"": ""recorded_at"", ""native_type"": ""timestamp(6) with time zone"", ""nullable"": false, ""default"": """"}, {""ordinal"": 13, ""name"": ""superseded_at"", ""native_type"": ""timestamp(6) with time zone"", ""nullable"": true, ""default"": """"}]","[{""name"": ""canonical_daily_sales_pkey"", ""kind"": ""p"", ""definition"": ""PRIMARY KEY (id)""}, {""name"": ""canonical_daily_sales_raw_record_id_fkey"", ""kind"": ""f"", ""definition"": ""FOREIGN KEY (raw_record_id) REFERENCES raw_record(id)""}]","[{""name"": ""canonical_daily_sales_pkey"", ""definition"": ""CREATE UNIQUE INDEX canonical_daily_sales_pkey ON public.canonical_daily_sales USING btree (id)""}, {""name"": ""ix_daily_sales_logical"", ""definition"": ""CREATE INDEX ix_daily_sales_logical ON public.canonical_daily_sales USING btree (logical_entity_id) WHERE (superseded_at IS NULL)""}, {""name"": ""ux_daily_sales_current"", ""definition"": ""CREATE UNIQUE INDEX ux_daily_sales_current ON public.canonical_daily_sales USING btree (trading_date, source_system) WHERE (superseded_at IS NULL)""}]"
canonical_invoice,2333,exact,1167,1166,"{""account_number_nulls"": 2333, ""amount_ex_tax_nulls"": 0, ""current_rows"": 1167, ""due_date_max"": ""2026-10-31"", ""due_date_min"": ""1989-10-01"", ""due_date_nulls"": 0, ""freight_amount_nulls"": 0, ""freight_gst_amount_nulls"": 2333, ""gst_amount_nulls"": 0, ""id_nulls"": 0, ""invoice_date_max"": ""2026-10-09"", ""invoice_date_min"": ""1989-10-01"", ""invoice_date_nulls"": 0, ""invoice_number_distinct"": 1167, ""invoice_number_nulls"": 0, ""logical_entity_id_distinct"": 1167, ""logical_entity_id_nulls"": 0, ""pdf_filename_nulls"": 1169, ""purchase_number_nulls"": 0, ""raw_record_id_nulls"": 0, ""recorded_at_max"": ""2026-10-08T17:20:21.16348+00:00"", ""recorded_at_min"": ""2026-10-08T11:09:40.822082+00:00"", ""recorded_at_nulls"": 0, ""row_count"": 2333, ""source_record_ref_distinct"": 1167, ""source_record_ref_nulls"": 0, ""source_system_distinct"": 1, ""source_system_nulls"": 0, ""superseded_at_max"": ""2026-10-08T17:20:21.16348+00:00"", ""superseded_at_min"": ""2026-10-08T11:33:13.56511+00:00"", ""superseded_at_nulls"": 1167, ""superseded_rows"": 1166, ""supplier_name_distinct"": 100, ""supplier_name_nulls"": 0, ""tax_code_nulls"": 2333, ""total_amount_nulls"": 0, ""valid_from_max"": ""2026-10-08T17:20:21.16348+00:00"", ""valid_from_min"": ""2026-10-08T11:09:40.822082+00:00"", ""valid_from_nulls"": 0, ""valid_to_max"": null, ""valid_to_min"": null, ""valid_to_nulls"": 2333}","[{""ordinal"": 1, ""name"": ""id"", ""native_type"": ""uuid"", ""nullable"": false, ""default"": """"}, {""ordinal"": 2, ""name"": ""logical_entity_id"", ""native_type"": ""uuid"", ""nullable"": false, ""default"": """"}, {""ordinal"": 3, ""name"": ""source_system"", ""native_type"": ""character varying(255)"", ""nullable"": false, ""default"": """"}, {""ordinal"": 4, ""name"": ""source_record_ref"", ""native_type"": ""character varying(512)"", ""nullable"": false, ""default"": """"}, {""ordinal"": 5, ""name"": ""raw_record_id"", ""native_type"": ""uuid"", ""nullable"": false, ""default"": """"}, {""ordinal"": 6, ""name"": ""supplier_name"", ""native_type"": ""character varying(255)"", ""nullable"": true, ""default"": """"}, {""ordinal"": 7, ""name"": ""invoice_number"", ""native_type"": ""character varying(255)"", ""nullable"": false, ""default"": """"}, {""ordinal"": 8, ""name"": ""invoice_date"", ""native_type"": ""date"", ""nullable"": false, ""default"": """"}, {""ordinal"": 9, ""name"": ""due_date"", ""native_type"": ""date"", ""nullable"": true, ""default"": """"}, {""ordinal"": 10, ""name"": ""total_amount"", ""native_type"": ""numeric(14,4)"", ""nullable"": true, ""default"": """"}, {""ordinal"": 11, ""name"": ""valid_from"", ""native_type"": ""timestamp(6) with time zone"", ""nullable"": false, ""default"": """"}, {""ordinal"": 12, ""name"": ""valid_to"", ""native_type"": ""timestamp(6) with time zone"", ""nullable"": true, ""default"": """"}, {""ordinal"": 13, ""name"": ""recorded_at"", ""native_type"": ""timestamp(6) with time zone"", ""nullable"": false, ""default"": """"}, {""ordinal"": 14, ""name"": ""superseded_at"", ""native_type"": ""timestamp(6) with time zone"", ""nullable"": true, ""default"": """"}, {""ordinal"": 15, ""name"": ""purchase_number"", ""native_type"": ""character varying(255)"", ""nullable"": true, ""default"": """"}, {""ordinal"": 16, ""name"": ""account_number"", ""native_type"": ""character varying(255)"", ""nullable"": true, ""default"": """"}, {""ordinal"": 17, ""name"": ""tax_code"", ""native_type"": ""character varying(64)"", ""nullable"": true, ""default"": """"}, {""ordinal"": 18, ""name"": ""amount_ex_tax"", ""native_type"": ""numeric(14,4)"", ""nullable"": true, ""default"": """"}, {""ordinal"": 19, ""name"": ""gst_amount"", ""native_type"": ""numeric(14,4)"", ""nullable"": true, ""default"": """"}, {""ordinal"": 20, ""name"": ""freight_amount"", ""native_type"": ""numeric(14,4)"", ""nullable"": true, ""default"": """"}, {""ordinal"": 21, ""name"": ""freight_gst_amount"", ""native_type"": ""numeric(14,4)"", ""nullable"": true, ""default"": """"}, {""ordinal"": 22, ""name"": ""pdf_filename"", ""native_type"": ""character varying(512)"", ""nullable"": true, ""default"": """"}]","[{""name"": ""canonical_invoice_pkey"", ""kind"": ""p"", ""definition"": ""PRIMARY KEY (id)""}, {""name"": ""canonical_invoice_raw_record_id_fkey"", ""kind"": ""f"", ""definition"": ""FOREIGN KEY (raw_record_id) REFERENCES raw_record(id)""}]","[{""name"": ""canonical_invoice_pkey"", ""definition"": ""CREATE UNIQUE INDEX canonical_invoice_pkey ON public.canonical_invoice USING btree (id)""}, {""name"": ""uq_invoice_current_source_fact"", ""definition"": ""CREATE UNIQUE INDEX uq_invoice_current_source_fact ON public.canonical_invoice USING btree (source_system, source_record_ref) WHERE (superseded_at IS NULL)""}]"
canonical_invoice_line,15876,exact,6156,9720,"{""category_nulls"": 15876, ""current_rows"": 6156, ""id_nulls"": 0, ""invoice_date_max"": ""2026-10-09"", ""invoice_date_min"": ""1989-10-01"", ""invoice_date_nulls"": 0, ""invoice_number_distinct"": 1167, ""invoice_number_nulls"": 0, ""line_total_nulls"": 0, ""logical_entity_id_distinct"": 6156, ""logical_entity_id_nulls"": 0, ""pack_size_nulls"": 15545, ""product_name_key_distinct"": 946, ""product_name_key_nulls"": 0, ""quantity_nulls"": 0, ""raw_record_id_nulls"": 0, ""recorded_at_max"": ""2026-10-08T18:30:59.630946+00:00"", ""recorded_at_min"": ""2026-10-08T11:09:40.844601+00:00"", ""recorded_at_nulls"": 0, ""row_count"": 15876, ""source_record_ref_distinct"": 6156, ""source_record_ref_nulls"": 0, ""source_system_distinct"": 1, ""source_system_nulls"": 0, ""stock_code_distinct"": 962, ""stock_code_nulls"": 6157, ""superseded_at_max"": ""2026-10-08T18:30:59.630946+00:00"", ""superseded_at_min"": ""2026-10-08T11:33:13.572538+00:00"", ""superseded_at_nulls"": 6156, ""superseded_rows"": 9720, ""unit_cost_nulls"": 0, ""unit_quantity_nulls"": 14921, ""uom_nulls"": 11844, ""valid_from_max"": ""2026-10-08T18:30:59.630946+00:00"", ""valid_from_min"": ""2026-10-08T11:09:40.844601+00:00"", ""valid_from_nulls"": 0, ""valid_to_max"": null, ""valid_to_min"": null, ""valid_to_nulls"": 15876, ""wet_amount_nulls"": 15698}","[{""ordinal"": 1, ""name"": ""id"", ""native_type"": ""uuid"", ""nullable"": false, ""default"": """"}, {""ordinal"": 2, ""name"": ""logical_entity_id"", ""native_type"": ""uuid"", ""nullable"": false, ""default"": """"}, {""ordinal"": 3, ""name"": ""source_system"", ""native_type"": ""character varying(255)"", ""nullable"": false, ""default"": """"}, {""ordinal"": 4, ""name"": ""source_record_ref"", ""native_type"": ""character varying(512)"", ""nullable"": false, ""default"": """"}, {""ordinal"": 5, ""name"": ""raw_record_id"", ""native_type"": ""uuid"", ""nullable"": false, ""default"": """"}, {""ordinal"": 6, ""name"": ""invoice_number"", ""native_type"": ""character varying(255)"", ""nullable"": false, ""default"": """"}, {""ordinal"": 7, ""name"": ""invoice_date"", ""native_type"": ""date"", ""nullable"": false, ""default"": """"}, {""ordinal"": 8, ""name"": ""product_name_key"", ""native_type"": ""character varying(512)"", ""nullable"": false, ""default"": """"}, {""ordinal"": 9, ""name"": ""quantity"", ""native_type"": ""numeric(14,4)"", ""nullable"": false, ""default"": """"}, {""ordinal"": 10, ""name"": ""unit_cost"", ""native_type"": ""numeric(14,4)"", ""nullable"": false, ""default"": """"}, {""ordinal"": 11, ""name"": ""line_total"", ""native_type"": ""numeric(14,4)"", ""nullable"": false, ""default"": """"}, {""ordinal"": 12, ""name"": ""category"", ""native_type"": ""character varying(255)"", ""nullable"": true, ""default"": """"}, {""ordinal"": 13, ""name"": ""valid_from"", ""native_type"": ""timestamp(6) with time zone"", ""nullable"": false, ""default"": """"}, {""ordinal"": 14, ""name"": ""valid_to"", ""native_type"": ""timestamp(6) with time zone"", ""nullable"": true, ""default"": """"}, {""ordinal"": 15, ""name"": ""recorded_at"", ""native_type"": ""timestamp(6) with time zone"", ""nullable"": false, ""default"": """"}, {""ordinal"": 16, ""name"": ""superseded_at"", ""native_type"": ""timestamp(6) with time zone"", ""nullable"": true, ""default"": """"}, {""ordinal"": 17, ""name"": ""stock_code"", ""native_type"": ""character varying(255)"", ""nullable"": true, ""default"": """"}, {""ordinal"": 18, ""name"": ""uom"", ""native_type"": ""character varying(32)"", ""nullable"": true, ""default"": """"}, {""ordinal"": 19, ""name"": ""unit_quantity"", ""native_type"": ""numeric(14,4)"", ""nullable"": true, ""default"": """"}, {""ordinal"": 20, ""name"": ""pack_size"", ""native_type"": ""numeric(14,4)"", ""nullable"": true, ""default"": """"}, {""ordinal"": 21, ""name"": ""wet_amount"", ""native_type"": ""numeric(14,4)"", ""nullable"": true, ""default"": """"}]","[{""name"": ""canonical_invoice_line_pkey"", ""kind"": ""p"", ""definition"": ""PRIMARY KEY (id)""}, {""name"": ""canonical_invoice_line_raw_record_id_fkey"", ""kind"": ""f"", ""definition"": ""FOREIGN KEY (raw_record_id) REFERENCES raw_record(id)""}]","[{""name"": ""canonical_invoice_line_pkey"", ""definition"": ""CREATE UNIQUE INDEX canonical_invoice_line_pkey ON public.canonical_invoice_line USING btree (id)""}, {""name"": ""uq_invoice_line_current_source_fact"", ""definition"": ""CREATE UNIQUE INDEX uq_invoice_line_current_source_fact ON public.canonical_invoice_line USING btree (source_system, source_record_ref) WHERE (superseded_at IS NULL)""}]"
canonical_labour_entry,0,exact,0,0,"{""actual_cost_nulls"": 0, ""actual_hours_nulls"": 0, ""current_rows"": 0, ""department_nulls"": 0, ""id_nulls"": 0, ""labour_date_max"": null, ""labour_date_min"": null, ""labour_date_nulls"": 0, ""logical_entity_id_distinct"": 0, ""logical_entity_id_nulls"": 0, ""raw_record_id_nulls"": 0, ""recorded_at_max"": null, ""recorded_at_min"": null, ""recorded_at_nulls"": 0, ""row_count"": 0, ""scheduled_cost_nulls"": 0, ""scheduled_hours_nulls"": 0, ""shift_end_max"": null, ""shift_end_min"": null, ""shift_end_nulls"": 0, ""shift_start_max"": null, ""shift_start_min"": null, ""shift_start_nulls"": 0, ""source_record_ref_distinct"": 0, ""source_record_ref_nulls"": 0, ""source_system_distinct"": 0, ""source_system_nulls"": 0, ""staff_ref_distinct"": 0, ""staff_ref_nulls"": 0, ""superseded_at_max"": null, ""superseded_at_min"": null, ""superseded_at_nulls"": 0, ""superseded_rows"": 0, ""valid_from_max"": null, ""valid_from_min"": null, ""valid_from_nulls"": 0, ""valid_to_max"": null, ""valid_to_min"": null, ""valid_to_nulls"": 0}","[{""ordinal"": 1, ""name"": ""id"", ""native_type"": ""uuid"", ""nullable"": false, ""default"": """"}, {""ordinal"": 2, ""name"": ""logical_entity_id"", ""native_type"": ""uuid"", ""nullable"": false, ""default"": """"}, {""ordinal"": 3, ""name"": ""source_system"", ""native_type"": ""character varying(255)"", ""nullable"": false, ""default"": """"}, {""ordinal"": 4, ""name"": ""source_record_ref"", ""native_type"": ""character varying(512)"", ""nullable"": false, ""default"": """"}, {""ordinal"": 5, ""name"": ""raw_record_id"", ""native_type"": ""uuid"", ""nullable"": false, ""default"": """"}, {""ordinal"": 6, ""name"": ""staff_ref"", ""native_type"": ""character varying(255)"", ""nullable"": true, ""default"": """"}, {""ordinal"": 7, ""name"": ""department"", ""native_type"": ""character varying(64)"", ""nullable"": false, ""default"": """"}, {""ordinal"": 8, ""name"": ""labour_date"", ""native_type"": ""date"", ""nullable"": false, ""default"": """"}, {""ordinal"": 9, ""name"": ""scheduled_hours"", ""native_type"": ""numeric(10,2)"", ""nullable"": false, ""default"": """"}, {""ordinal"": 10, ""name"": ""actual_hours"", ""native_type"": ""numeric(10,2)"", ""nullable"": false, ""default"": """"}, {""ordinal"": 11, ""name"": ""scheduled_cost"", ""native_type"": ""numeric(14,4)"", ""nullable"": true, ""default"": """"}, {""ordinal"": 12, ""name"": ""actual_cost"", ""native_type"": ""numeric(14,4)"", ""nullable"": true, ""default"": """"}, {""ordinal"": 13, ""name"": ""shift_start"", ""native_type"": ""timestamp(6) with time zone"", ""nullable"": true, ""default"": """"}, {""ordinal"": 14, ""name"": ""shift_end"", ""native_type"": ""timestamp(6) with time zone"", ""nullable"": true, ""default"": """"}, {""ordinal"": 15, ""name"": ""valid_from"", ""native_type"": ""timestamp(6) with time zone"", ""nullable"": false, ""default"": """"}, {""ordinal"": 16, ""name"": ""valid_to"", ""native_type"": ""timestamp(6) with time zone"", ""nullable"": true, ""default"": """"}, {""ordinal"": 17, ""name"": ""recorded_at"", ""native_type"": ""timestamp(6) with time zone"", ""nullable"": false, ""default"": """"}, {""ordinal"": 18, ""name"": ""superseded_at"", ""native_type"": ""timestamp(6) with time zone"", ""nullable"": true, ""default"": """"}]","[{""name"": ""canonical_labour_entry_pkey"", ""kind"": ""p"", ""definition"": ""PRIMARY KEY (id)""}, {""name"": ""canonical_labour_entry_raw_record_id_fkey"", ""kind"": ""f"", ""definition"": ""FOREIGN KEY (raw_record_id) REFERENCES raw_record(id)""}]","[{""name"": ""canonical_labour_entry_pkey"", ""definition"": ""CREATE UNIQUE INDEX canonical_labour_entry_pkey ON public.canonical_labour_entry USING btree (id)""}, {""name"": ""uq_labour_current_source_fact"", ""definition"": ""CREATE UNIQUE INDEX uq_labour_current_source_fact ON public.canonical_labour_entry USING btree (source_system, source_record_ref) WHERE (superseded_at IS NULL)""}]"
canonical_product_sales,13272,exact,13185,87,"{""amount_nulls"": 0, ""current_rows"": 13185, ""id_nulls"": 0, ""logical_entity_id_distinct"": 13185, ""logical_entity_id_nulls"": 0, ""product_name_key_distinct"": 520, ""product_name_key_nulls"": 0, ""quantity_sold_nulls"": 0, ""raw_record_id_nulls"": 0, ""recorded_at_max"": ""2026-10-08T17:21:37.760041+00:00"", ""recorded_at_min"": ""2026-10-06T01:35:40.776153+00:00"", ""recorded_at_nulls"": 0, ""row_count"": 13272, ""source_record_ref_distinct"": 13185, ""source_record_ref_nulls"": 0, ""source_system_distinct"": 1, ""source_system_nulls"": 0, ""superseded_at_max"": ""2026-10-08T17:21:37.732342+00:00"", ""superseded_at_min"": ""2026-10-08T04:46:33.224628+00:00"", ""superseded_at_nulls"": 13185, ""superseded_rows"": 87, ""trading_date_max"": ""2026-10-08"", ""trading_date_min"": ""2026-07-08"", ""trading_date_nulls"": 0, ""valid_from_max"": ""2026-10-08T17:21:37.760041+00:00"", ""valid_from_min"": ""2026-10-06T01:35:40.776153+00:00"", ""valid_from_nulls"": 0, ""valid_to_max"": null, ""valid_to_min"": null, ""valid_to_nulls"": 13272}","[{""ordinal"": 1, ""name"": ""id"", ""native_type"": ""uuid"", ""nullable"": false, ""default"": """"}, {""ordinal"": 2, ""name"": ""logical_entity_id"", ""native_type"": ""uuid"", ""nullable"": false, ""default"": """"}, {""ordinal"": 3, ""name"": ""trading_date"", ""native_type"": ""date"", ""nullable"": false, ""default"": """"}, {""ordinal"": 4, ""name"": ""product_name_key"", ""native_type"": ""character varying(512)"", ""nullable"": false, ""default"": """"}, {""ordinal"": 5, ""name"": ""source_system"", ""native_type"": ""character varying(255)"", ""nullable"": false, ""default"": """"}, {""ordinal"": 6, ""name"": ""source_record_ref"", ""native_type"": ""character varying(512)"", ""nullable"": false, ""default"": """"}, {""ordinal"": 7, ""name"": ""raw_record_id"", ""native_type"": ""uuid"", ""nullable"": false, ""default"": """"}, {""ordinal"": 8, ""name"": ""quantity_sold"", ""native_type"": ""numeric(14,4)"", ""nullable"": false, ""default"": """"}, {""ordinal"": 9, ""name"": ""amount"", ""native_type"": ""numeric(14,4)"", ""nullable"": false, ""default"": """"}, {""ordinal"": 10, ""name"": ""valid_from"", ""native_type"": ""timestamp(6) with time zone"", ""nullable"": false, ""default"": """"}, {""ordinal"": 11, ""name"": ""valid_to"", ""native_type"": ""timestamp(6) with time zone"", ""nullable"": true, ""default"": """"}, {""ordinal"": 12, ""name"": ""recorded_at"", ""native_type"": ""timestamp(6) with time zone"", ""nullable"": false, ""default"": """"}, {""ordinal"": 13, ""name"": ""superseded_at"", ""native_type"": ""timestamp(6) with time zone"", ""nullable"": true, ""default"": """"}]","[{""name"": ""canonical_product_sales_pkey"", ""kind"": ""p"", ""definition"": ""PRIMARY KEY (id)""}, {""name"": ""canonical_product_sales_raw_record_id_fkey"", ""kind"": ""f"", ""definition"": ""FOREIGN KEY (raw_record_id) REFERENCES raw_record(id)""}]","[{""name"": ""canonical_product_sales_pkey"", ""definition"": ""CREATE UNIQUE INDEX canonical_product_sales_pkey ON public.canonical_product_sales USING btree (id)""}, {""name"": ""ix_product_sales_logical"", ""definition"": ""CREATE INDEX ix_product_sales_logical ON public.canonical_product_sales USING btree (logical_entity_id) WHERE (superseded_at IS NULL)""}, {""name"": ""ux_product_sales_current"", ""definition"": ""CREATE UNIQUE INDEX ux_product_sales_current ON public.canonical_product_sales USING btree (product_name_key, trading_date, source_system) WHERE (superseded_at IS NULL)""}]"
canonical_reservation,0,exact,0,0,"{""current_rows"": 0, ""id_nulls"": 0, ""logical_entity_id_distinct"": 0, ""logical_entity_id_nulls"": 0, ""party_name_nulls"": 0, ""party_size_nulls"": 0, ""raw_record_id_nulls"": 0, ""recorded_at_max"": null, ""recorded_at_min"": null, ""recorded_at_nulls"": 0, ""reservation_at_max"": null, ""reservation_at_min"": null, ""reservation_at_nulls"": 0, ""row_count"": 0, ""source_channel_nulls"": 0, ""source_record_ref_distinct"": 0, ""source_record_ref_nulls"": 0, ""source_system_distinct"": 0, ""source_system_nulls"": 0, ""status_nulls"": 0, ""superseded_at_max"": null, ""superseded_at_min"": null, ""superseded_at_nulls"": 0, ""superseded_rows"": 0, ""table_name_nulls"": 0, ""valid_from_max"": null, ""valid_from_min"": null, ""valid_from_nulls"": 0, ""valid_to_max"": null, ""valid_to_min"": null, ""valid_to_nulls"": 0}","[{""ordinal"": 1, ""name"": ""id"", ""native_type"": ""uuid"", ""nullable"": false, ""default"": """"}, {""ordinal"": 2, ""name"": ""logical_entity_id"", ""native_type"": ""uuid"", ""nullable"": false, ""default"": """"}, {""ordinal"": 3, ""name"": ""source_system"", ""native_type"": ""character varying(255)"", ""nullable"": false, ""default"": """"}, {""ordinal"": 4, ""name"": ""source_record_ref"", ""native_type"": ""character varying(512)"", ""nullable"": false, ""default"": """"}, {""ordinal"": 5, ""name"": ""raw_record_id"", ""native_type"": ""uuid"", ""nullable"": false, ""default"": """"}, {""ordinal"": 6, ""name"": ""reservation_at"", ""native_type"": ""timestamp(6) with time zone"", ""nullable"": false, ""default"": """"}, {""ordinal"": 7, ""name"": ""party_size"", ""native_type"": ""integer"", ""nullable"": false, ""default"": """"}, {""ordinal"": 8, ""name"": ""status"", ""native_type"": ""character varying(64)"", ""nullable"": false, ""default"": """"}, {""ordinal"": 9, ""name"": ""table_name"", ""native_type"": ""character varying(255)"", ""nullable"": true, ""default"": """"}, {""ordinal"": 10, ""name"": ""source_channel"", ""native_type"": ""character varying(255)"", ""nullable"": true, ""default"": """"}, {""ordinal"": 11, ""name"": ""party_name"", ""native_type"": ""character varying(255)"", ""nullable"": true, ""default"": """"}, {""ordinal"": 12, ""name"": ""valid_from"", ""native_type"": ""timestamp(6) with time zone"", ""nullable"": false, ""default"": """"}, {""ordinal"": 13, ""name"": ""valid_to"", ""native_type"": ""timestamp(6) with time zone"", ""nullable"": true, ""default"": """"}, {""ordinal"": 14, ""name"": ""recorded_at"", ""native_type"": ""timestamp(6) with time zone"", ""nullable"": false, ""default"": """"}, {""ordinal"": 15, ""name"": ""superseded_at"", ""native_type"": ""timestamp(6) with time zone"", ""nullable"": true, ""default"": """"}]","[{""name"": ""canonical_reservation_pkey"", ""kind"": ""p"", ""definition"": ""PRIMARY KEY (id)""}, {""name"": ""canonical_reservation_raw_record_id_fkey"", ""kind"": ""f"", ""definition"": ""FOREIGN KEY (raw_record_id) REFERENCES raw_record(id)""}]","[{""name"": ""canonical_reservation_pkey"", ""definition"": ""CREATE UNIQUE INDEX canonical_reservation_pkey ON public.canonical_reservation USING btree (id)""}, {""name"": ""ix_reservation_logical_current"", ""definition"": ""CREATE INDEX ix_reservation_logical_current ON public.canonical_reservation USING btree (logical_entity_id) WHERE (superseded_at IS NULL)""}, {""name"": ""uq_reservation_current_source_fact"", ""definition"": ""CREATE UNIQUE INDEX uq_reservation_current_source_fact ON public.canonical_reservation USING btree (source_system, source_record_ref) WHERE (superseded_at IS NULL)""}]"
canonical_sale_item,0,exact,0,0,"{""amount_nulls"": 0, ""current_rows"": 0, ""id_nulls"": 0, ""item_name_nulls"": 0, ""logical_entity_id_distinct"": 0, ""logical_entity_id_nulls"": 0, ""quantity_sold_nulls"": 0, ""raw_record_id_nulls"": 0, ""recorded_at_max"": null, ""recorded_at_min"": null, ""recorded_at_nulls"": 0, ""row_count"": 0, ""source_record_ref_distinct"": 0, ""source_record_ref_nulls"": 0, ""source_system_distinct"": 0, ""source_system_nulls"": 0, ""superseded_at_max"": null, ""superseded_at_min"": null, ""superseded_at_nulls"": 0, ""superseded_rows"": 0, ""valid_from_max"": null, ""valid_from_min"": null, ""valid_from_nulls"": 0, ""valid_to_max"": null, ""valid_to_min"": null, ""valid_to_nulls"": 0}","[{""ordinal"": 1, ""name"": ""id"", ""native_type"": ""uuid"", ""nullable"": false, ""default"": """"}, {""ordinal"": 2, ""name"": ""valid_from"", ""native_type"": ""timestamp(6) with time zone"", ""nullable"": false, ""default"": """"}, {""ordinal"": 3, ""name"": ""valid_to"", ""native_type"": ""timestamp(6) with time zone"", ""nullable"": true, ""default"": """"}, {""ordinal"": 4, ""name"": ""recorded_at"", ""native_type"": ""timestamp(6) with time zone"", ""nullable"": false, ""default"": """"}, {""ordinal"": 5, ""name"": ""superseded_at"", ""native_type"": ""timestamp(6) with time zone"", ""nullable"": true, ""default"": """"}, {""ordinal"": 6, ""name"": ""item_name"", ""native_type"": ""character varying(255)"", ""nullable"": true, ""default"": """"}, {""ordinal"": 7, ""name"": ""quantity_sold"", ""native_type"": ""integer"", ""nullable"": true, ""default"": """"}, {""ordinal"": 8, ""name"": ""amount"", ""native_type"": ""numeric(38,2)"", ""nullable"": true, ""default"": """"}, {""ordinal"": 9, ""name"": ""logical_entity_id"", ""native_type"": ""uuid"", ""nullable"": false, ""default"": """"}, {""ordinal"": 10, ""name"": ""source_system"", ""native_type"": ""character varying(255)"", ""nullable"": false, ""default"": """"}, {""ordinal"": 11, ""name"": ""source_record_ref"", ""native_type"": ""character varying(512)"", ""nullable"": false, ""default"": """"}, {""ordinal"": 12, ""name"": ""raw_record_id"", ""native_type"": ""uuid"", ""nullable"": false, ""default"": """"}]","[{""name"": ""canonical_sale_item_pkey"", ""kind"": ""p"", ""definition"": ""PRIMARY KEY (id)""}, {""name"": ""canonical_sale_item_raw_record_id_fkey"", ""kind"": ""f"", ""definition"": ""FOREIGN KEY (raw_record_id) REFERENCES raw_record(id)""}]","[{""name"": ""canonical_sale_item_pkey"", ""definition"": ""CREATE UNIQUE INDEX canonical_sale_item_pkey ON public.canonical_sale_item USING btree (id)""}, {""name"": ""idx_canonical_sale_item_logical_current"", ""definition"": ""CREATE INDEX idx_canonical_sale_item_logical_current ON public.canonical_sale_item USING btree (logical_entity_id, source_system) WHERE (superseded_at IS NULL)""}, {""name"": ""uq_canonical_sale_item_current_source_fact"", ""definition"": ""CREATE UNIQUE INDEX uq_canonical_sale_item_current_source_fact ON public.canonical_sale_item USING btree (source_system, source_record_ref) WHERE (superseded_at IS NULL)""}]"
canonical_shift,0,exact,0,0,"{""current_rows"": 0, ""id_nulls"": 0, ""logical_entity_id_distinct"": 0, ""logical_entity_id_nulls"": 0, ""raw_record_id_nulls"": 0, ""recorded_at_max"": null, ""recorded_at_min"": null, ""recorded_at_nulls"": 0, ""row_count"": 0, ""shift_end_max"": null, ""shift_end_min"": null, ""shift_end_nulls"": 0, ""shift_start_max"": null, ""shift_start_min"": null, ""shift_start_nulls"": 0, ""source_record_ref_distinct"": 0, ""source_record_ref_nulls"": 0, ""source_system_distinct"": 0, ""source_system_nulls"": 0, ""staff_member_ref_nulls"": 0, ""superseded_at_max"": null, ""superseded_at_min"": null, ""superseded_at_nulls"": 0, ""superseded_rows"": 0, ""valid_from_max"": null, ""valid_from_min"": null, ""valid_from_nulls"": 0, ""valid_to_max"": null, ""valid_to_min"": null, ""valid_to_nulls"": 0}","[{""ordinal"": 1, ""name"": ""id"", ""native_type"": ""uuid"", ""nullable"": false, ""default"": """"}, {""ordinal"": 2, ""name"": ""valid_from"", ""native_type"": ""timestamp(6) with time zone"", ""nullable"": false, ""default"": """"}, {""ordinal"": 3, ""name"": ""valid_to"", ""native_type"": ""timestamp(6) with time zone"", ""nullable"": true, ""default"": """"}, {""ordinal"": 4, ""name"": ""recorded_at"", ""native_type"": ""timestamp(6) with time zone"", ""nullable"": false, ""default"": """"}, {""ordinal"": 5, ""name"": ""superseded_at"", ""native_type"": ""timestamp(6) with time zone"", ""nullable"": true, ""default"": """"}, {""ordinal"": 6, ""name"": ""staff_member_ref"", ""native_type"": ""uuid"", ""nullable"": true, ""default"": """"}, {""ordinal"": 7, ""name"": ""shift_start"", ""native_type"": ""timestamp(6) with time zone"", ""nullable"": true, ""default"": """"}, {""ordinal"": 8, ""name"": ""shift_end"", ""native_type"": ""timestamp(6) with time zone"", ""nullable"": true, ""default"": """"}, {""ordinal"": 9, ""name"": ""logical_entity_id"", ""native_type"": ""uuid"", ""nullable"": false, ""default"": """"}, {""ordinal"": 10, ""name"": ""source_system"", ""native_type"": ""character varying(255)"", ""nullable"": false, ""default"": """"}, {""ordinal"": 11, ""name"": ""source_record_ref"", ""native_type"": ""character varying(512)"", ""nullable"": false, ""default"": """"}, {""ordinal"": 12, ""name"": ""raw_record_id"", ""native_type"": ""uuid"", ""nullable"": false, ""default"": """"}]","[{""name"": ""canonical_shift_pkey"", ""kind"": ""p"", ""definition"": ""PRIMARY KEY (id)""}, {""name"": ""canonical_shift_raw_record_id_fkey"", ""kind"": ""f"", ""definition"": ""FOREIGN KEY (raw_record_id) REFERENCES raw_record(id)""}]","[{""name"": ""canonical_shift_pkey"", ""definition"": ""CREATE UNIQUE INDEX canonical_shift_pkey ON public.canonical_shift USING btree (id)""}, {""name"": ""idx_canonical_shift_logical_current"", ""definition"": ""CREATE INDEX idx_canonical_shift_logical_current ON public.canonical_shift USING btree (logical_entity_id, source_system) WHERE (superseded_at IS NULL)""}, {""name"": ""uq_canonical_shift_current_source_fact"", ""definition"": ""CREATE UNIQUE INDEX uq_canonical_shift_current_source_fact ON public.canonical_shift USING btree (source_system, source_record_ref) WHERE (superseded_at IS NULL)""}]"
canonical_stock_count,0,exact,0,0,"{""counted_date_max"": null, ""counted_date_min"": null, ""counted_date_nulls"": 0, ""current_rows"": 0, ""id_nulls"": 0, ""logical_entity_id_distinct"": 0, ""logical_entity_id_nulls"": 0, ""product_name_key_distinct"": 0, ""product_name_key_nulls"": 0, ""quantity_on_hand_nulls"": 0, ""raw_record_id_nulls"": 0, ""recorded_at_max"": null, ""recorded_at_min"": null, ""recorded_at_nulls"": 0, ""row_count"": 0, ""source_record_ref_distinct"": 0, ""source_record_ref_nulls"": 0, ""source_system_distinct"": 0, ""source_system_nulls"": 0, ""superseded_at_max"": null, ""superseded_at_min"": null, ""superseded_at_nulls"": 0, ""superseded_rows"": 0, ""valid_from_max"": null, ""valid_from_min"": null, ""valid_from_nulls"": 0, ""valid_to_max"": null, ""valid_to_min"": null, ""valid_to_nulls"": 0}","[{""ordinal"": 1, ""name"": ""id"", ""native_type"": ""uuid"", ""nullable"": false, ""default"": """"}, {""ordinal"": 2, ""name"": ""logical_entity_id"", ""native_type"": ""uuid"", ""nullable"": false, ""default"": """"}, {""ordinal"": 3, ""name"": ""source_system"", ""native_type"": ""character varying(255)"", ""nullable"": false, ""default"": """"}, {""ordinal"": 4, ""name"": ""source_record_ref"", ""native_type"": ""character varying(512)"", ""nullable"": false, ""default"": """"}, {""ordinal"": 5, ""name"": ""raw_record_id"", ""native_type"": ""uuid"", ""nullable"": false, ""default"": """"}, {""ordinal"": 6, ""name"": ""counted_date"", ""native_type"": ""date"", ""nullable"": false, ""default"": """"}, {""ordinal"": 7, ""name"": ""product_name_key"", ""native_type"": ""character varying(512)"", ""nullable"": false, ""default"": """"}, {""ordinal"": 8, ""name"": ""quantity_on_hand"", ""native_type"": ""numeric(14,4)"", ""nullable"": false, ""default"": """"}, {""ordinal"": 9, ""name"": ""valid_from"", ""native_type"": ""timestamp(6) with time zone"", ""nullable"": false, ""default"": """"}, {""ordinal"": 10, ""name"": ""valid_to"", ""native_type"": ""timestamp(6) with time zone"", ""nullable"": true, ""default"": """"}, {""ordinal"": 11, ""name"": ""recorded_at"", ""native_type"": ""timestamp(6) with time zone"", ""nullable"": false, ""default"": """"}, {""ordinal"": 12, ""name"": ""superseded_at"", ""native_type"": ""timestamp(6) with time zone"", ""nullable"": true, ""default"": """"}]","[{""name"": ""canonical_stock_count_pkey"", ""kind"": ""p"", ""definition"": ""PRIMARY KEY (id)""}, {""name"": ""canonical_stock_count_raw_record_id_fkey"", ""kind"": ""f"", ""definition"": ""FOREIGN KEY (raw_record_id) REFERENCES raw_record(id)""}]","[{""name"": ""canonical_stock_count_pkey"", ""definition"": ""CREATE UNIQUE INDEX canonical_stock_count_pkey ON public.canonical_stock_count USING btree (id)""}]"
canonical_wastage,0,exact,0,0,"{""current_rows"": 0, ""id_nulls"": 0, ""logical_entity_id_distinct"": 0, ""logical_entity_id_nulls"": 0, ""product_name_key_distinct"": 0, ""product_name_key_nulls"": 0, ""quantity_nulls"": 0, ""raw_record_id_nulls"": 0, ""reason_nulls"": 0, ""recorded_at_max"": null, ""recorded_at_min"": null, ""recorded_at_nulls"": 0, ""row_count"": 0, ""source_record_ref_distinct"": 0, ""source_record_ref_nulls"": 0, ""source_system_distinct"": 0, ""source_system_nulls"": 0, ""superseded_at_max"": null, ""superseded_at_min"": null, ""superseded_at_nulls"": 0, ""superseded_rows"": 0, ""valid_from_max"": null, ""valid_from_min"": null, ""valid_from_nulls"": 0, ""valid_to_max"": null, ""valid_to_min"": null, ""valid_to_nulls"": 0, ""wastage_date_max"": null, ""wastage_date_min"": null, ""wastage_date_nulls"": 0}","[{""ordinal"": 1, ""name"": ""id"", ""native_type"": ""uuid"", ""nullable"": false, ""default"": """"}, {""ordinal"": 2, ""name"": ""logical_entity_id"", ""native_type"": ""uuid"", ""nullable"": false, ""default"": """"}, {""ordinal"": 3, ""name"": ""source_system"", ""native_type"": ""character varying(255)"", ""nullable"": false, ""default"": """"}, {""ordinal"": 4, ""name"": ""source_record_ref"", ""native_type"": ""character varying(512)"", ""nullable"": false, ""default"": """"}, {""ordinal"": 5, ""name"": ""raw_record_id"", ""native_type"": ""uuid"", ""nullable"": false, ""default"": """"}, {""ordinal"": 6, ""name"": ""wastage_date"", ""native_type"": ""date"", ""nullable"": false, ""default"": """"}, {""ordinal"": 7, ""name"": ""product_name_key"", ""native_type"": ""character varying(512)"", ""nullable"": false, ""default"": """"}, {""ordinal"": 8, ""name"": ""quantity"", ""native_type"": ""numeric(14,4)"", ""nullable"": false, ""default"": """"}, {""ordinal"": 9, ""name"": ""reason"", ""native_type"": ""character varying(255)"", ""nullable"": true, ""default"": """"}, {""ordinal"": 10, ""name"": ""valid_from"", ""native_type"": ""timestamp(6) with time zone"", ""nullable"": false, ""default"": """"}, {""ordinal"": 11, ""name"": ""valid_to"", ""native_type"": ""timestamp(6) with time zone"", ""nullable"": true, ""default"": """"}, {""ordinal"": 12, ""name"": ""recorded_at"", ""native_type"": ""timestamp(6) with time zone"", ""nullable"": false, ""default"": """"}, {""ordinal"": 13, ""name"": ""superseded_at"", ""native_type"": ""timestamp(6) with time zone"", ""nullable"": true, ""default"": """"}]","[{""name"": ""canonical_wastage_pkey"", ""kind"": ""p"", ""definition"": ""PRIMARY KEY (id)""}, {""name"": ""canonical_wastage_raw_record_id_fkey"", ""kind"": ""f"", ""definition"": ""FOREIGN KEY (raw_record_id) REFERENCES raw_record(id)""}]","[{""name"": ""canonical_wastage_pkey"", ""definition"": ""CREATE UNIQUE INDEX canonical_wastage_pkey ON public.canonical_wastage USING btree (id)""}]"
conversation_message,6,exact,,,"{""content_nulls"": 0, ""created_at_max"": ""2026-10-09T02:35:31.717546+00:00"", ""created_at_min"": ""2026-10-08T00:42:17.399894+00:00"", ""created_at_nulls"": 0, ""id_nulls"": 0, ""role_nulls"": 0, ""row_count"": 6, ""thread_id_nulls"": 0, ""tool_trace_nulls"": 0}","[{""ordinal"": 1, ""name"": ""id"", ""native_type"": ""uuid"", ""nullable"": false, ""default"": """"}, {""ordinal"": 2, ""name"": ""thread_id"", ""native_type"": ""uuid"", ""nullable"": false, ""default"": """"}, {""ordinal"": 3, ""name"": ""role"", ""native_type"": ""character varying(16)"", ""nullable"": false, ""default"": """"}, {""ordinal"": 4, ""name"": ""content"", ""native_type"": ""text"", ""nullable"": false, ""default"": """"}, {""ordinal"": 5, ""name"": ""tool_trace"", ""native_type"": ""jsonb"", ""nullable"": true, ""default"": """"}, {""ordinal"": 6, ""name"": ""created_at"", ""native_type"": ""timestamp(6) with time zone"", ""nullable"": false, ""default"": """"}]","[{""name"": ""conversation_message_pkey"", ""kind"": ""p"", ""definition"": ""PRIMARY KEY (id)""}, {""name"": ""conversation_message_thread_fk"", ""kind"": ""f"", ""definition"": ""FOREIGN KEY (thread_id) REFERENCES conversation_thread(id) ON DELETE CASCADE""}]","[{""name"": ""conversation_message_pkey"", ""definition"": ""CREATE UNIQUE INDEX conversation_message_pkey ON public.conversation_message USING btree (id)""}, {""name"": ""idx_conversation_message_thread"", ""definition"": ""CREATE INDEX idx_conversation_message_thread ON public.conversation_message USING btree (thread_id, created_at)""}]"
conversation_thread,3,exact,,,"{""created_at_max"": ""2026-10-09T02:35:27.039896+00:00"", ""created_at_min"": ""2026-10-08T00:42:17.399894+00:00"", ""created_at_nulls"": 0, ""id_nulls"": 0, ""last_message_at_max"": ""2026-10-09T02:35:31.717546+00:00"", ""last_message_at_min"": ""2026-10-08T00:42:22.648573+00:00"", ""last_message_at_nulls"": 0, ""row_count"": 3, ""summary_nulls"": 3, ""title_nulls"": 0, ""updated_at_max"": ""2026-10-09T02:35:31.717546+00:00"", ""updated_at_min"": ""2026-10-08T00:42:22.648573+00:00"", ""updated_at_nulls"": 0, ""user_account_id_nulls"": 0}","[{""ordinal"": 1, ""name"": ""id"", ""native_type"": ""uuid"", ""nullable"": false, ""default"": """"}, {""ordinal"": 2, ""name"": ""user_account_id"", ""native_type"": ""uuid"", ""nullable"": false, ""default"": """"}, {""ordinal"": 3, ""name"": ""title"", ""native_type"": ""character varying(200)"", ""nullable"": false, ""default"": """"}, {""ordinal"": 4, ""name"": ""summary"", ""native_type"": ""text"", ""nullable"": true, ""default"": """"}, {""ordinal"": 5, ""name"": ""created_at"", ""native_type"": ""timestamp(6) with time zone"", ""nullable"": false, ""default"": """"}, {""ordinal"": 6, ""name"": ""updated_at"", ""native_type"": ""timestamp(6) with time zone"", ""nullable"": false, ""default"": """"}, {""ordinal"": 7, ""name"": ""last_message_at"", ""native_type"": ""timestamp(6) with time zone"", ""nullable"": true, ""default"": """"}]","[{""name"": ""conversation_thread_pkey"", ""kind"": ""p"", ""definition"": ""PRIMARY KEY (id)""}, {""name"": ""conversation_thread_user_fk"", ""kind"": ""f"", ""definition"": ""FOREIGN KEY (user_account_id) REFERENCES user_account(id)""}]","[{""name"": ""conversation_thread_pkey"", ""definition"": ""CREATE UNIQUE INDEX conversation_thread_pkey ON public.conversation_thread USING btree (id)""}, {""name"": ""idx_conversation_thread_user"", ""definition"": ""CREATE INDEX idx_conversation_thread_user ON public.conversation_thread USING btree (user_account_id, updated_at DESC)""}]"
daily_sales_override,2,exact,2,0,"{""actor_email_nulls"": 0, ""authoritative_source_nulls"": 0, ""current_rows"": 2, ""id_nulls"": 0, ""reason_nulls"": 2, ""recorded_at_max"": ""2026-10-07T07:14:45.579319+00:00"", ""recorded_at_min"": ""2026-10-07T07:14:41.054757+00:00"", ""recorded_at_nulls"": 0, ""row_count"": 2, ""superseded_at_max"": null, ""superseded_at_min"": null, ""superseded_at_nulls"": 2, ""superseded_rows"": 0, ""trading_date_max"": ""2026-10-06"", ""trading_date_min"": ""2026-10-05"", ""trading_date_nulls"": 0}","[{""ordinal"": 1, ""name"": ""id"", ""native_type"": ""uuid"", ""nullable"": false, ""default"": """"}, {""ordinal"": 2, ""name"": ""trading_date"", ""native_type"": ""date"", ""nullable"": false, ""default"": """"}, {""ordinal"": 3, ""name"": ""authoritative_source"", ""native_type"": ""character varying(255)"", ""nullable"": false, ""default"": """"}, {""ordinal"": 4, ""name"": ""reason"", ""native_type"": ""text"", ""nullable"": true, ""default"": """"}, {""ordinal"": 7, ""name"": ""recorded_at"", ""native_type"": ""timestamp(6) with time zone"", ""nullable"": false, ""default"": """"}, {""ordinal"": 8, ""name"": ""superseded_at"", ""native_type"": ""timestamp(6) with time zone"", ""nullable"": true, ""default"": """"}, {""ordinal"": 9, ""name"": ""actor_email"", ""native_type"": ""character varying(255)"", ""nullable"": false, ""default"": """"}]","[{""name"": ""daily_sales_override_pkey"", ""kind"": ""p"", ""definition"": ""PRIMARY KEY (id)""}]","[{""name"": ""daily_sales_override_pkey"", ""definition"": ""CREATE UNIQUE INDEX daily_sales_override_pkey ON public.daily_sales_override USING btree (id)""}, {""name"": ""ux_daily_sales_override_current"", ""definition"": ""CREATE UNIQUE INDEX ux_daily_sales_override_current ON public.daily_sales_override USING btree (trading_date) WHERE (superseded_at IS NULL)""}]"
flyway_schema_history,31,exact,,,"{""checksum_nulls"": 0, ""description_nulls"": 0, ""execution_time_nulls"": 0, ""installed_by_nulls"": 0, ""installed_on_max"": ""2026-10-08T13:39:54.933964"", ""installed_on_min"": ""2026-09-20T02:03:03.577234"", ""installed_on_nulls"": 0, ""installed_rank_nulls"": 0, ""row_count"": 31, ""script_nulls"": 0, ""success_nulls"": 0, ""type_nulls"": 0, ""version_nulls"": 0}","[{""ordinal"": 1, ""name"": ""installed_rank"", ""native_type"": ""integer"", ""nullable"": false, ""default"": """"}, {""ordinal"": 2, ""name"": ""version"", ""native_type"": ""character varying(50)"", ""nullable"": true, ""default"": """"}, {""ordinal"": 3, ""name"": ""description"", ""native_type"": ""character varying(200)"", ""nullable"": false, ""default"": """"}, {""ordinal"": 4, ""name"": ""type"", ""native_type"": ""character varying(20)"", ""nullable"": false, ""default"": """"}, {""ordinal"": 5, ""name"": ""script"", ""native_type"": ""character varying(1000)"", ""nullable"": false, ""default"": """"}, {""ordinal"": 6, ""name"": ""checksum"", ""native_type"": ""integer"", ""nullable"": true, ""default"": """"}, {""ordinal"": 7, ""name"": ""installed_by"", ""native_type"": ""character varying(100)"", ""nullable"": false, ""default"": """"}, {""ordinal"": 8, ""name"": ""installed_on"", ""native_type"": ""timestamp without time zone"", ""nullable"": false, ""default"": ""now()""}, {""ordinal"": 9, ""name"": ""execution_time"", ""native_type"": ""integer"", ""nullable"": false, ""default"": """"}, {""ordinal"": 10, ""name"": ""success"", ""native_type"": ""boolean"", ""nullable"": false, ""default"": """"}]","[{""name"": ""flyway_schema_history_pk"", ""kind"": ""p"", ""definition"": ""PRIMARY KEY (installed_rank)""}]","[{""name"": ""flyway_schema_history_pk"", ""definition"": ""CREATE UNIQUE INDEX flyway_schema_history_pk ON public.flyway_schema_history USING btree (installed_rank)""}, {""name"": ""flyway_schema_history_s_idx"", ""definition"": ""CREATE INDEX flyway_schema_history_s_idx ON public.flyway_schema_history USING btree (success)""}]"
ingestion_failure,21,exact,,,"{""detail_nulls"": 0, ""failure_type_nulls"": 0, ""id_nulls"": 0, ""ingestion_run_id_nulls"": 0, ""occurred_at_max"": ""2026-10-08T17:21:51.187406+00:00"", ""occurred_at_min"": ""2026-10-02T12:43:10.953427+00:00"", ""occurred_at_nulls"": 0, ""row_count"": 21, ""source_system_distinct"": 1, ""source_system_nulls"": 0, ""stack_trace_nulls"": 10}","[{""ordinal"": 1, ""name"": ""id"", ""native_type"": ""uuid"", ""nullable"": false, ""default"": """"}, {""ordinal"": 2, ""name"": ""source_system"", ""native_type"": ""character varying(255)"", ""nullable"": false, ""default"": """"}, {""ordinal"": 3, ""name"": ""failure_type"", ""native_type"": ""character varying(255)"", ""nullable"": false, ""default"": """"}, {""ordinal"": 4, ""name"": ""detail"", ""native_type"": ""text"", ""nullable"": true, ""default"": """"}, {""ordinal"": 5, ""name"": ""occurred_at"", ""native_type"": ""timestamp(6) with time zone"", ""nullable"": false, ""default"": """"}, {""ordinal"": 6, ""name"": ""ingestion_run_id"", ""native_type"": ""uuid"", ""nullable"": false, ""default"": """"}, {""ordinal"": 7, ""name"": ""stack_trace"", ""native_type"": ""text"", ""nullable"": true, ""default"": """"}]","[{""name"": ""ingestion_failure_ingestion_run_id_fkey"", ""kind"": ""f"", ""definition"": ""FOREIGN KEY (ingestion_run_id) REFERENCES ingestion_run(id)""}, {""name"": ""ingestion_failure_pkey"", ""kind"": ""p"", ""definition"": ""PRIMARY KEY (id)""}]","[{""name"": ""idx_ingestion_failure_source_occurred"", ""definition"": ""CREATE INDEX idx_ingestion_failure_source_occurred ON public.ingestion_failure USING btree (source_system, occurred_at DESC)""}, {""name"": ""ingestion_failure_pkey"", ""definition"": ""CREATE UNIQUE INDEX ingestion_failure_pkey ON public.ingestion_failure USING btree (id)""}]"
ingestion_run,2719,exact,,,"{""completed_at_max"": ""2026-10-09T00:24:00.752442+00:00"", ""completed_at_min"": ""2026-09-21T20:16:08.218425+00:00"", ""completed_at_nulls"": 0, ""connector_name_nulls"": 0, ""failure_summary_nulls"": 2698, ""fetched_count_nulls"": 0, ""id_nulls"": 0, ""input_watermark_nulls"": 2719, ""output_watermark_nulls"": 2719, ""persisted_count_nulls"": 0, ""row_count"": 2719, ""source_system_distinct"": 2, ""source_system_nulls"": 0, ""started_at_max"": ""2026-10-09T00:24:00.687227+00:00"", ""started_at_min"": ""2026-09-21T20:16:08.081863+00:00"", ""started_at_nulls"": 0, ""status_nulls"": 0}","[{""ordinal"": 1, ""name"": ""id"", ""native_type"": ""uuid"", ""nullable"": false, ""default"": """"}, {""ordinal"": 2, ""name"": ""source_system"", ""native_type"": ""character varying(255)"", ""nullable"": false, ""default"": """"}, {""ordinal"": 3, ""name"": ""connector_name"", ""native_type"": ""character varying(255)"", ""nullable"": false, ""default"": """"}, {""ordinal"": 4, ""name"": ""status"", ""native_type"": ""character varying(32)"", ""nullable"": false, ""default"": """"}, {""ordinal"": 5, ""name"": ""started_at"", ""native_type"": ""timestamp(6) with time zone"", ""nullable"": false, ""default"": """"}, {""ordinal"": 6, ""name"": ""completed_at"", ""native_type"": ""timestamp(6) with time zone"", ""nullable"": true, ""default"": """"}, {""ordinal"": 7, ""name"": ""input_watermark"", ""native_type"": ""text"", ""nullable"": true, ""default"": """"}, {""ordinal"": 8, ""name"": ""output_watermark"", ""native_type"": ""text"", ""nullable"": true, ""default"": """"}, {""ordinal"": 9, ""name"": ""fetched_count"", ""native_type"": ""bigint"", ""nullable"": false, ""default"": ""0""}, {""ordinal"": 10, ""name"": ""persisted_count"", ""native_type"": ""bigint"", ""nullable"": false, ""default"": ""0""}, {""ordinal"": 11, ""name"": ""failure_summary"", ""native_type"": ""text"", ""nullable"": true, ""default"": """"}]","[{""name"": ""ingestion_run_fetched_count_check"", ""kind"": ""c"", ""definition"": ""CHECK ((fetched_count >= 0))""}, {""name"": ""ingestion_run_persisted_count_check"", ""kind"": ""c"", ""definition"": ""CHECK ((persisted_count >= 0))""}, {""name"": ""ingestion_run_pkey"", ""kind"": ""p"", ""definition"": ""PRIMARY KEY (id)""}, {""name"": ""ingestion_run_status_check"", ""kind"": ""c"", ""definition"": ""CHECK (((status)::text = ANY ((ARRAY['RUNNING'::character varying, 'SUCCESS'::character varying, 'PARTIAL'::character varying, 'FAILED'::character varying, 'NO_NEW_DATA'::character varying])::text[])))""}]","[{""name"": ""idx_ingestion_run_source_started"", ""definition"": ""CREATE INDEX idx_ingestion_run_source_started ON public.ingestion_run USING btree (source_system, started_at DESC)""}, {""name"": ""idx_ingestion_run_started_at"", ""definition"": ""CREATE INDEX idx_ingestion_run_started_at ON public.ingestion_run USING btree (started_at)""}, {""name"": ""ingestion_run_pkey"", ""definition"": ""CREATE UNIQUE INDEX ingestion_run_pkey ON public.ingestion_run USING btree (id)""}]"
inventory_override,0,exact,0,0,"{""actor_email_nulls"": 0, ""current_rows"": 0, ""id_nulls"": 0, ""overridden_purchases_nulls"": 0, ""reason_nulls"": 0, ""recorded_at_max"": null, ""recorded_at_min"": null, ""recorded_at_nulls"": 0, ""row_count"": 0, ""superseded_at_max"": null, ""superseded_at_min"": null, ""superseded_at_nulls"": 0, ""superseded_rows"": 0, ""trading_date_max"": null, ""trading_date_min"": null, ""trading_date_nulls"": 0}","[{""ordinal"": 1, ""name"": ""id"", ""native_type"": ""uuid"", ""nullable"": false, ""default"": """"}, {""ordinal"": 2, ""name"": ""trading_date"", ""native_type"": ""date"", ""nullable"": false, ""default"": """"}, {""ordinal"": 3, ""name"": ""overridden_purchases"", ""native_type"": ""numeric(14,4)"", ""nullable"": true, ""default"": """"}, {""ordinal"": 4, ""name"": ""reason"", ""native_type"": ""text"", ""nullable"": true, ""default"": """"}, {""ordinal"": 5, ""name"": ""actor_email"", ""native_type"": ""character varying(255)"", ""nullable"": false, ""default"": """"}, {""ordinal"": 6, ""name"": ""recorded_at"", ""native_type"": ""timestamp(6) with time zone"", ""nullable"": false, ""default"": """"}, {""ordinal"": 7, ""name"": ""superseded_at"", ""native_type"": ""timestamp(6) with time zone"", ""nullable"": true, ""default"": """"}]","[{""name"": ""inventory_override_pkey"", ""kind"": ""p"", ""definition"": ""PRIMARY KEY (id)""}]","[{""name"": ""inventory_override_pkey"", ""definition"": ""CREATE UNIQUE INDEX inventory_override_pkey ON public.inventory_override USING btree (id)""}, {""name"": ""ux_inventory_override_current"", ""definition"": ""CREATE UNIQUE INDEX ux_inventory_override_current ON public.inventory_override USING btree (trading_date) WHERE (superseded_at IS NULL)""}]"
invoice_ingest_flag,916,exact,,,"{""detail_nulls"": 0, ""flag_type_nulls"": 0, ""id_nulls"": 0, ""invoice_number_distinct"": 546, ""invoice_number_nulls"": 0, ""occurred_at_max"": ""2026-10-09T00:19:00.69541+00:00"", ""occurred_at_min"": ""2026-10-08T17:15:16.319944+00:00"", ""occurred_at_nulls"": 0, ""pdf_filename_nulls"": 6, ""row_count"": 916, ""stock_code_distinct"": 204, ""stock_code_nulls"": 255}","[{""ordinal"": 1, ""name"": ""id"", ""native_type"": ""uuid"", ""nullable"": false, ""default"": """"}, {""ordinal"": 2, ""name"": ""flag_type"", ""native_type"": ""character varying(64)"", ""nullable"": false, ""default"": """"}, {""ordinal"": 3, ""name"": ""invoice_number"", ""native_type"": ""character varying(255)"", ""nullable"": true, ""default"": """"}, {""ordinal"": 4, ""name"": ""pdf_filename"", ""native_type"": ""character varying(512)"", ""nullable"": true, ""default"": """"}, {""ordinal"": 5, ""name"": ""stock_code"", ""native_type"": ""character varying(255)"", ""nullable"": true, ""default"": """"}, {""ordinal"": 6, ""name"": ""detail"", ""native_type"": ""text"", ""nullable"": true, ""default"": """"}, {""ordinal"": 7, ""name"": ""occurred_at"", ""native_type"": ""timestamp(6) with time zone"", ""nullable"": false, ""default"": """"}]","[{""name"": ""invoice_ingest_flag_pkey"", ""kind"": ""p"", ""definition"": ""PRIMARY KEY (id)""}]","[{""name"": ""idx_invoice_ingest_flag_invoice"", ""definition"": ""CREATE INDEX idx_invoice_ingest_flag_invoice ON public.invoice_ingest_flag USING btree (invoice_number)""}, {""name"": ""idx_invoice_ingest_flag_type_occurred"", ""definition"": ""CREATE INDEX idx_invoice_ingest_flag_type_occurred ON public.invoice_ingest_flag USING btree (flag_type, occurred_at DESC)""}, {""name"": ""invoice_ingest_flag_pkey"", ""definition"": ""CREATE UNIQUE INDEX invoice_ingest_flag_pkey ON public.invoice_ingest_flag USING btree (id)""}]"
labour_override,0,exact,0,0,"{""actor_email_nulls"": 0, ""current_rows"": 0, ""department_nulls"": 0, ""id_nulls"": 0, ""overridden_actual_hours_nulls"": 0, ""reason_nulls"": 0, ""recorded_at_max"": null, ""recorded_at_min"": null, ""recorded_at_nulls"": 0, ""row_count"": 0, ""superseded_at_max"": null, ""superseded_at_min"": null, ""superseded_at_nulls"": 0, ""superseded_rows"": 0, ""trading_date_max"": null, ""trading_date_min"": null, ""trading_date_nulls"": 0}","[{""ordinal"": 1, ""name"": ""id"", ""native_type"": ""uuid"", ""nullable"": false, ""default"": """"}, {""ordinal"": 2, ""name"": ""trading_date"", ""native_type"": ""date"", ""nullable"": false, ""default"": """"}, {""ordinal"": 3, ""name"": ""department"", ""native_type"": ""text"", ""nullable"": false, ""default"": """"}, {""ordinal"": 4, ""name"": ""overridden_actual_hours"", ""native_type"": ""numeric(14,4)"", ""nullable"": true, ""default"": """"}, {""ordinal"": 5, ""name"": ""reason"", ""native_type"": ""text"", ""nullable"": true, ""default"": """"}, {""ordinal"": 6, ""name"": ""actor_email"", ""native_type"": ""character varying(255)"", ""nullable"": false, ""default"": """"}, {""ordinal"": 7, ""name"": ""recorded_at"", ""native_type"": ""timestamp(6) with time zone"", ""nullable"": false, ""default"": """"}, {""ordinal"": 8, ""name"": ""superseded_at"", ""native_type"": ""timestamp(6) with time zone"", ""nullable"": true, ""default"": """"}]","[{""name"": ""labour_override_pkey"", ""kind"": ""p"", ""definition"": ""PRIMARY KEY (id)""}]","[{""name"": ""labour_override_pkey"", ""definition"": ""CREATE UNIQUE INDEX labour_override_pkey ON public.labour_override USING btree (id)""}, {""name"": ""ux_labour_override_current"", ""definition"": ""CREATE UNIQUE INDEX ux_labour_override_current ON public.labour_override USING btree (trading_date, department) WHERE (superseded_at IS NULL)""}]"
permission,12,exact,,,"{""can_read_nulls"": 0, ""can_write_nulls"": 0, ""department_nulls"": 0, ""id_nulls"": 0, ""resource_nulls"": 0, ""row_count"": 12, ""seniority_nulls"": 0}","[{""ordinal"": 1, ""name"": ""id"", ""native_type"": ""uuid"", ""nullable"": false, ""default"": """"}, {""ordinal"": 2, ""name"": ""department"", ""native_type"": ""character varying(255)"", ""nullable"": false, ""default"": """"}, {""ordinal"": 3, ""name"": ""seniority"", ""native_type"": ""character varying(255)"", ""nullable"": false, ""default"": """"}, {""ordinal"": 4, ""name"": ""resource"", ""native_type"": ""character varying(255)"", ""nullable"": false, ""default"": """"}, {""ordinal"": 5, ""name"": ""can_read"", ""native_type"": ""boolean"", ""nullable"": false, ""default"": """"}, {""ordinal"": 6, ""name"": ""can_write"", ""native_type"": ""boolean"", ""nullable"": false, ""default"": """"}]","[{""name"": ""permission_department_seniority_resource_key"", ""kind"": ""u"", ""definition"": ""UNIQUE (department, seniority, resource)""}, {""name"": ""permission_pkey"", ""kind"": ""p"", ""definition"": ""PRIMARY KEY (id)""}]","[{""name"": ""permission_department_seniority_resource_key"", ""definition"": ""CREATE UNIQUE INDEX permission_department_seniority_resource_key ON public.permission USING btree (department, seniority, resource)""}, {""name"": ""permission_pkey"", ""definition"": ""CREATE UNIQUE INDEX permission_pkey ON public.permission USING btree (id)""}]"
product_sales_override,0,exact,0,0,"{""actor_email_nulls"": 0, ""authoritative_source_nulls"": 0, ""current_rows"": 0, ""id_nulls"": 0, ""product_name_key_distinct"": 0, ""product_name_key_nulls"": 0, ""reason_nulls"": 0, ""recorded_at_max"": null, ""recorded_at_min"": null, ""recorded_at_nulls"": 0, ""row_count"": 0, ""superseded_at_max"": null, ""superseded_at_min"": null, ""superseded_at_nulls"": 0, ""superseded_rows"": 0, ""trading_date_max"": null, ""trading_date_min"": null, ""trading_date_nulls"": 0}","[{""ordinal"": 1, ""name"": ""id"", ""native_type"": ""uuid"", ""nullable"": false, ""default"": """"}, {""ordinal"": 2, ""name"": ""trading_date"", ""native_type"": ""date"", ""nullable"": false, ""default"": """"}, {""ordinal"": 3, ""name"": ""product_name_key"", ""native_type"": ""character varying(512)"", ""nullable"": false, ""default"": """"}, {""ordinal"": 4, ""name"": ""authoritative_source"", ""native_type"": ""character varying(255)"", ""nullable"": false, ""default"": """"}, {""ordinal"": 5, ""name"": ""reason"", ""native_type"": ""text"", ""nullable"": true, ""default"": """"}, {""ordinal"": 6, ""name"": ""actor_email"", ""native_type"": ""character varying(255)"", ""nullable"": false, ""default"": """"}, {""ordinal"": 7, ""name"": ""recorded_at"", ""native_type"": ""timestamp(6) with time zone"", ""nullable"": false, ""default"": """"}, {""ordinal"": 8, ""name"": ""superseded_at"", ""native_type"": ""timestamp(6) with time zone"", ""nullable"": true, ""default"": """"}]","[{""name"": ""product_sales_override_pkey"", ""kind"": ""p"", ""definition"": ""PRIMARY KEY (id)""}]","[{""name"": ""product_sales_override_pkey"", ""definition"": ""CREATE UNIQUE INDEX product_sales_override_pkey ON public.product_sales_override USING btree (id)""}, {""name"": ""ux_product_sales_override_current"", ""definition"": ""CREATE UNIQUE INDEX ux_product_sales_override_current ON public.product_sales_override USING btree (product_name_key, trading_date) WHERE (superseded_at IS NULL)""}]"
raw_record,3715,exact,,,"{""character_encoding_nulls"": 2654, ""content_type_nulls"": 0, ""fetch_method_nulls"": 0, ""fetched_at_max"": ""2026-10-09T00:24:00.742394+00:00"", ""fetched_at_min"": ""2026-09-21T20:16:08.206575+00:00"", ""fetched_at_nulls"": 0, ""fetcher_identity_nulls"": 0, ""id_nulls"": 0, ""ingestion_run_id_nulls"": 0, ""parsed_payload_nulls"": 3715, ""payload_byte_length_nulls"": 0, ""payload_bytes_nulls"": 0, ""payload_sha256_nulls"": 0, ""row_count"": 3715, ""source_system_distinct"": 2, ""source_system_nulls"": 0}","[{""ordinal"": 1, ""name"": ""id"", ""native_type"": ""uuid"", ""nullable"": false, ""default"": """"}, {""ordinal"": 2, ""name"": ""source_system"", ""native_type"": ""character varying(255)"", ""nullable"": false, ""default"": """"}, {""ordinal"": 3, ""name"": ""fetch_method"", ""native_type"": ""character varying(255)"", ""nullable"": false, ""default"": """"}, {""ordinal"": 4, ""name"": ""content_type"", ""native_type"": ""character varying(255)"", ""nullable"": false, ""default"": """"}, {""ordinal"": 5, ""name"": ""parsed_payload"", ""native_type"": ""jsonb"", ""nullable"": true, ""default"": """"}, {""ordinal"": 6, ""name"": ""fetcher_identity"", ""native_type"": ""character varying(255)"", ""nullable"": false, ""default"": """"}, {""ordinal"": 7, ""name"": ""fetched_at"", ""native_type"": ""timestamp(6) with time zone"", ""nullable"": false, ""default"": """"}, {""ordinal"": 8, ""name"": ""ingestion_run_id"", ""native_type"": ""uuid"", ""nullable"": false, ""default"": """"}, {""ordinal"": 9, ""name"": ""payload_bytes"", ""native_type"": ""bytea"", ""nullable"": false, ""default"": """"}, {""ordinal"": 10, ""name"": ""payload_sha256"", ""native_type"": ""character(64)"", ""nullable"": false, ""default"": """"}, {""ordinal"": 11, ""name"": ""payload_byte_length"", ""native_type"": ""bigint"", ""nullable"": false, ""default"": """"}, {""ordinal"": 12, ""name"": ""character_encoding"", ""native_type"": ""character varying(64)"", ""nullable"": true, ""default"": """"}]","[{""name"": ""raw_record_digest_format_check"", ""kind"": ""c"", ""definition"": ""CHECK ((payload_sha256 ~ '^[0-9a-f]{64}$'::text))""}, {""name"": ""raw_record_ingestion_run_id_fkey"", ""kind"": ""f"", ""definition"": ""FOREIGN KEY (ingestion_run_id) REFERENCES ingestion_run(id)""}, {""name"": ""raw_record_payload_byte_length_check"", ""kind"": ""c"", ""definition"": ""CHECK ((payload_byte_length >= 0))""}, {""name"": ""raw_record_pkey"", ""kind"": ""p"", ""definition"": ""PRIMARY KEY (id)""}]","[{""name"": ""idx_raw_record_run"", ""definition"": ""CREATE INDEX idx_raw_record_run ON public.raw_record USING btree (ingestion_run_id)""}, {""name"": ""idx_raw_record_source_fetched"", ""definition"": ""CREATE INDEX idx_raw_record_source_fetched ON public.raw_record USING btree (source_system, fetched_at DESC)""}, {""name"": ""raw_record_pkey"", ""definition"": ""CREATE UNIQUE INDEX raw_record_pkey ON public.raw_record USING btree (id)""}]"
reconciliation_exception,0,exact,,,"{""detected_at_max"": null, ""detected_at_min"": null, ""detected_at_nulls"": 0, ""entity_key_nulls"": 0, ""entity_type_nulls"": 0, ""field_key_nulls"": 0, ""row_count"": 0, ""status_nulls"": 0, ""trading_date_max"": null, ""trading_date_min"": null, ""trading_date_nulls"": 0}","[{""ordinal"": 1, ""name"": ""entity_type"", ""native_type"": ""text"", ""nullable"": false, ""default"": """"}, {""ordinal"": 2, ""name"": ""entity_key"", ""native_type"": ""text"", ""nullable"": false, ""default"": """"}, {""ordinal"": 3, ""name"": ""trading_date"", ""native_type"": ""date"", ""nullable"": false, ""default"": """"}, {""ordinal"": 4, ""name"": ""field_key"", ""native_type"": ""text"", ""nullable"": false, ""default"": """"}, {""ordinal"": 5, ""name"": ""status"", ""native_type"": ""text"", ""nullable"": false, ""default"": """"}, {""ordinal"": 6, ""name"": ""detected_at"", ""native_type"": ""timestamp(6) with time zone"", ""nullable"": false, ""default"": """"}]","[{""name"": ""reconciliation_exception_pkey"", ""kind"": ""p"", ""definition"": ""PRIMARY KEY (entity_type, entity_key, trading_date, field_key)""}]","[{""name"": ""reconciliation_exception_pkey"", ""definition"": ""CREATE UNIQUE INDEX reconciliation_exception_pkey ON public.reconciliation_exception USING btree (entity_type, entity_key, trading_date, field_key)""}]"
reservation_override,0,exact,0,0,"{""actor_email_nulls"": 0, ""current_rows"": 0, ""id_nulls"": 0, ""overridden_covers_nulls"": 0, ""reason_nulls"": 0, ""recorded_at_max"": null, ""recorded_at_min"": null, ""recorded_at_nulls"": 0, ""row_count"": 0, ""service_period_nulls"": 0, ""superseded_at_max"": null, ""superseded_at_min"": null, ""superseded_at_nulls"": 0, ""superseded_rows"": 0, ""trading_date_max"": null, ""trading_date_min"": null, ""trading_date_nulls"": 0}","[{""ordinal"": 1, ""name"": ""id"", ""native_type"": ""uuid"", ""nullable"": false, ""default"": """"}, {""ordinal"": 2, ""name"": ""trading_date"", ""native_type"": ""date"", ""nullable"": false, ""default"": """"}, {""ordinal"": 3, ""name"": ""service_period"", ""native_type"": ""text"", ""nullable"": false, ""default"": """"}, {""ordinal"": 4, ""name"": ""overridden_covers"", ""native_type"": ""bigint"", ""nullable"": true, ""default"": """"}, {""ordinal"": 5, ""name"": ""reason"", ""native_type"": ""text"", ""nullable"": true, ""default"": """"}, {""ordinal"": 6, ""name"": ""actor_email"", ""native_type"": ""character varying(255)"", ""nullable"": false, ""default"": """"}, {""ordinal"": 7, ""name"": ""recorded_at"", ""native_type"": ""timestamp(6) with time zone"", ""nullable"": false, ""default"": """"}, {""ordinal"": 8, ""name"": ""superseded_at"", ""native_type"": ""timestamp(6) with time zone"", ""nullable"": true, ""default"": """"}]","[{""name"": ""reservation_override_pkey"", ""kind"": ""p"", ""definition"": ""PRIMARY KEY (id)""}]","[{""name"": ""reservation_override_pkey"", ""definition"": ""CREATE UNIQUE INDEX reservation_override_pkey ON public.reservation_override USING btree (id)""}, {""name"": ""ux_reservation_override_current"", ""definition"": ""CREATE UNIQUE INDEX ux_reservation_override_current ON public.reservation_override USING btree (trading_date, service_period) WHERE (superseded_at IS NULL)""}]"
resolution_rule,4,exact,1,3,"{""actor_email_nulls"": 0, ""current_rows"": 1, ""custom_logic_nulls"": 3, ""entity_type_nulls"": 0, ""field_key_nulls"": 0, ""id_nulls"": 0, ""recorded_at_max"": ""2026-10-08T12:03:14.398568+00:00"", ""recorded_at_min"": ""2026-10-08T03:50:29.253126+00:00"", ""recorded_at_nulls"": 0, ""row_count"": 4, ""source_priority_nulls"": 1, ""strategy_nulls"": 0, ""superseded_at_max"": ""2026-10-08T12:03:14.398568+00:00"", ""superseded_at_min"": ""2026-10-08T03:50:39.327058+00:00"", ""superseded_at_nulls"": 1, ""superseded_by_nulls"": 1, ""superseded_rows"": 3}","[{""ordinal"": 1, ""name"": ""id"", ""native_type"": ""uuid"", ""nullable"": false, ""default"": """"}, {""ordinal"": 2, ""name"": ""entity_type"", ""native_type"": ""character varying(64)"", ""nullable"": false, ""default"": """"}, {""ordinal"": 3, ""name"": ""field_key"", ""native_type"": ""character varying(512)"", ""nullable"": false, ""default"": """"}, {""ordinal"": 4, ""name"": ""strategy"", ""native_type"": ""character varying(32)"", ""nullable"": false, ""default"": """"}, {""ordinal"": 5, ""name"": ""custom_logic"", ""native_type"": ""character varying(32)"", ""nullable"": true, ""default"": """"}, {""ordinal"": 6, ""name"": ""source_priority"", ""native_type"": ""jsonb"", ""nullable"": true, ""default"": """"}, {""ordinal"": 7, ""name"": ""actor_email"", ""native_type"": ""character varying(255)"", ""nullable"": false, ""default"": """"}, {""ordinal"": 8, ""name"": ""recorded_at"", ""native_type"": ""timestamp(6) with time zone"", ""nullable"": false, ""default"": """"}, {""ordinal"": 9, ""name"": ""superseded_at"", ""native_type"": ""timestamp(6) with time zone"", ""nullable"": true, ""default"": """"}, {""ordinal"": 10, ""name"": ""superseded_by"", ""native_type"": ""character varying(255)"", ""nullable"": true, ""default"": """"}]","[{""name"": ""resolution_rule_pkey"", ""kind"": ""p"", ""definition"": ""PRIMARY KEY (id)""}]","[{""name"": ""resolution_rule_pkey"", ""definition"": ""CREATE UNIQUE INDEX resolution_rule_pkey ON public.resolution_rule USING btree (id)""}, {""name"": ""ux_resolution_rule_current"", ""definition"": ""CREATE UNIQUE INDEX ux_resolution_rule_current ON public.resolution_rule USING btree (entity_type, field_key) WHERE (superseded_at IS NULL)""}]"
resolved_daily_sales,187,exact,,,"{""authoritative_source_nulls"": 0, ""gst_nulls"": 0, ""has_conflict_nulls"": 0, ""net_sales_nulls"": 0, ""resolution_type_nulls"": 0, ""resolved_at_max"": ""2026-10-08T19:09:34.426979+00:00"", ""resolved_at_min"": ""2026-10-08T17:00:56.258607+00:00"", ""resolved_at_nulls"": 0, ""row_count"": 187, ""total_sales_nulls"": 0, ""trading_date_max"": ""2026-10-08"", ""trading_date_min"": ""2026-04-02"", ""trading_date_nulls"": 0}","[{""ordinal"": 1, ""name"": ""trading_date"", ""native_type"": ""date"", ""nullable"": false, ""default"": """"}, {""ordinal"": 2, ""name"": ""total_sales"", ""native_type"": ""numeric(14,4)"", ""nullable"": true, ""default"": """"}, {""ordinal"": 3, ""name"": ""resolution_type"", ""native_type"": ""text"", ""nullable"": false, ""default"": """"}, {""ordinal"": 4, ""name"": ""authoritative_source"", ""native_type"": ""text"", ""nullable"": true, ""default"": """"}, {""ordinal"": 5, ""name"": ""has_conflict"", ""native_type"": ""boolean"", ""nullable"": false, ""default"": """"}, {""ordinal"": 6, ""name"": ""resolved_at"", ""native_type"": ""timestamp(6) with time zone"", ""nullable"": false, ""default"": """"}, {""ordinal"": 7, ""name"": ""net_sales"", ""native_type"": ""numeric(14,4)"", ""nullable"": true, ""default"": """"}, {""ordinal"": 8, ""name"": ""gst"", ""native_type"": ""numeric(14,4)"", ""nullable"": true, ""default"": """"}]","[{""name"": ""resolved_daily_sales_pkey"", ""kind"": ""p"", ""definition"": ""PRIMARY KEY (trading_date)""}]","[{""name"": ""resolved_daily_sales_pkey"", ""definition"": ""CREATE UNIQUE INDEX resolved_daily_sales_pkey ON public.resolved_daily_sales USING btree (trading_date)""}]"
resolved_inventory_day,164,exact,,,"{""authoritative_source_nulls"": 0, ""has_conflict_nulls"": 0, ""purchases_nulls"": 0, ""resolution_type_nulls"": 0, ""resolved_at_max"": ""2026-10-09T02:31:41.823283+00:00"", ""resolved_at_min"": ""2026-10-09T02:31:41.823283+00:00"", ""resolved_at_nulls"": 0, ""row_count"": 164, ""stock_on_hand_nulls"": 164, ""trading_date_max"": ""2026-10-09"", ""trading_date_min"": ""1989-10-01"", ""trading_date_nulls"": 0, ""wastage_nulls"": 164}","[{""ordinal"": 1, ""name"": ""trading_date"", ""native_type"": ""date"", ""nullable"": false, ""default"": """"}, {""ordinal"": 2, ""name"": ""purchases"", ""native_type"": ""numeric(14,4)"", ""nullable"": true, ""default"": """"}, {""ordinal"": 3, ""name"": ""wastage"", ""native_type"": ""numeric(14,4)"", ""nullable"": true, ""default"": """"}, {""ordinal"": 4, ""name"": ""stock_on_hand"", ""native_type"": ""numeric(14,4)"", ""nullable"": true, ""default"": """"}, {""ordinal"": 5, ""name"": ""resolution_type"", ""native_type"": ""text"", ""nullable"": false, ""default"": """"}, {""ordinal"": 6, ""name"": ""authoritative_source"", ""native_type"": ""text"", ""nullable"": true, ""default"": """"}, {""ordinal"": 7, ""name"": ""has_conflict"", ""native_type"": ""boolean"", ""nullable"": false, ""default"": """"}, {""ordinal"": 8, ""name"": ""resolved_at"", ""native_type"": ""timestamp(6) with time zone"", ""nullable"": false, ""default"": """"}]","[{""name"": ""resolved_inventory_day_pkey"", ""kind"": ""p"", ""definition"": ""PRIMARY KEY (trading_date)""}]","[{""name"": ""resolved_inventory_day_pkey"", ""definition"": ""CREATE UNIQUE INDEX resolved_inventory_day_pkey ON public.resolved_inventory_day USING btree (trading_date)""}]"
resolved_labour_day,0,exact,,,"{""actual_cost_nulls"": 0, ""actual_hours_nulls"": 0, ""authoritative_source_nulls"": 0, ""department_nulls"": 0, ""has_conflict_nulls"": 0, ""resolution_type_nulls"": 0, ""resolved_at_max"": null, ""resolved_at_min"": null, ""resolved_at_nulls"": 0, ""row_count"": 0, ""scheduled_cost_nulls"": 0, ""scheduled_hours_nulls"": 0, ""trading_date_max"": null, ""trading_date_min"": null, ""trading_date_nulls"": 0}","[{""ordinal"": 1, ""name"": ""trading_date"", ""native_type"": ""date"", ""nullable"": false, ""default"": """"}, {""ordinal"": 2, ""name"": ""department"", ""native_type"": ""text"", ""nullable"": false, ""default"": """"}, {""ordinal"": 3, ""name"": ""scheduled_hours"", ""native_type"": ""numeric(14,4)"", ""nullable"": true, ""default"": """"}, {""ordinal"": 4, ""name"": ""actual_hours"", ""native_type"": ""numeric(14,4)"", ""nullable"": true, ""default"": """"}, {""ordinal"": 5, ""name"": ""scheduled_cost"", ""native_type"": ""numeric(14,4)"", ""nullable"": true, ""default"": """"}, {""ordinal"": 6, ""name"": ""actual_cost"", ""native_type"": ""numeric(14,4)"", ""nullable"": true, ""default"": """"}, {""ordinal"": 7, ""name"": ""resolution_type"", ""native_type"": ""text"", ""nullable"": false, ""default"": """"}, {""ordinal"": 8, ""name"": ""authoritative_source"", ""native_type"": ""text"", ""nullable"": true, ""default"": """"}, {""ordinal"": 9, ""name"": ""has_conflict"", ""native_type"": ""boolean"", ""nullable"": false, ""default"": """"}, {""ordinal"": 10, ""name"": ""resolved_at"", ""native_type"": ""timestamp(6) with time zone"", ""nullable"": false, ""default"": """"}]","[{""name"": ""resolved_labour_day_pkey"", ""kind"": ""p"", ""definition"": ""PRIMARY KEY (trading_date, department)""}]","[{""name"": ""resolved_labour_day_pkey"", ""definition"": ""CREATE UNIQUE INDEX resolved_labour_day_pkey ON public.resolved_labour_day USING btree (trading_date, department)""}]"
resolved_product_sales,13185,exact,,,"{""amount_nulls"": 0, ""authoritative_source_nulls"": 0, ""has_conflict_nulls"": 0, ""product_name_key_distinct"": 520, ""product_name_key_nulls"": 0, ""quantity_sold_nulls"": 0, ""resolution_type_nulls"": 0, ""resolved_at_max"": ""2026-10-09T02:31:35.64026+00:00"", ""resolved_at_min"": ""2026-10-09T02:31:35.64026+00:00"", ""resolved_at_nulls"": 0, ""row_count"": 13185, ""trading_date_max"": ""2026-10-08"", ""trading_date_min"": ""2026-07-08"", ""trading_date_nulls"": 0}","[{""ordinal"": 1, ""name"": ""trading_date"", ""native_type"": ""date"", ""nullable"": false, ""default"": """"}, {""ordinal"": 2, ""name"": ""product_name_key"", ""native_type"": ""character varying(512)"", ""nullable"": false, ""default"": """"}, {""ordinal"": 3, ""name"": ""quantity_sold"", ""native_type"": ""numeric(14,4)"", ""nullable"": true, ""default"": """"}, {""ordinal"": 4, ""name"": ""amount"", ""native_type"": ""numeric(14,4)"", ""nullable"": true, ""default"": """"}, {""ordinal"": 5, ""name"": ""resolution_type"", ""native_type"": ""text"", ""nullable"": false, ""default"": """"}, {""ordinal"": 6, ""name"": ""authoritative_source"", ""native_type"": ""text"", ""nullable"": true, ""default"": """"}, {""ordinal"": 7, ""name"": ""has_conflict"", ""native_type"": ""boolean"", ""nullable"": false, ""default"": """"}, {""ordinal"": 8, ""name"": ""resolved_at"", ""native_type"": ""timestamp(6) with time zone"", ""nullable"": false, ""default"": """"}]","[{""name"": ""resolved_product_sales_pkey"", ""kind"": ""p"", ""definition"": ""PRIMARY KEY (trading_date, product_name_key)""}]","[{""name"": ""resolved_product_sales_pkey"", ""definition"": ""CREATE UNIQUE INDEX resolved_product_sales_pkey ON public.resolved_product_sales USING btree (trading_date, product_name_key)""}]"
resolved_reservation_day,0,exact,,,"{""attended_nulls"": 0, ""authoritative_source_nulls"": 0, ""bookings_nulls"": 0, ""cancelled_nulls"": 0, ""covers_nulls"": 0, ""has_conflict_nulls"": 0, ""no_shows_nulls"": 0, ""resolution_type_nulls"": 0, ""resolved_at_max"": null, ""resolved_at_min"": null, ""resolved_at_nulls"": 0, ""row_count"": 0, ""service_period_nulls"": 0, ""trading_date_max"": null, ""trading_date_min"": null, ""trading_date_nulls"": 0, ""walk_ins_nulls"": 0}","[{""ordinal"": 1, ""name"": ""trading_date"", ""native_type"": ""date"", ""nullable"": false, ""default"": """"}, {""ordinal"": 2, ""name"": ""service_period"", ""native_type"": ""text"", ""nullable"": false, ""default"": """"}, {""ordinal"": 3, ""name"": ""bookings"", ""native_type"": ""bigint"", ""nullable"": false, ""default"": """"}, {""ordinal"": 4, ""name"": ""attended"", ""native_type"": ""bigint"", ""nullable"": false, ""default"": """"}, {""ordinal"": 5, ""name"": ""covers"", ""native_type"": ""bigint"", ""nullable"": false, ""default"": """"}, {""ordinal"": 6, ""name"": ""cancelled"", ""native_type"": ""bigint"", ""nullable"": false, ""default"": """"}, {""ordinal"": 7, ""name"": ""no_shows"", ""native_type"": ""bigint"", ""nullable"": false, ""default"": """"}, {""ordinal"": 8, ""name"": ""walk_ins"", ""native_type"": ""bigint"", ""nullable"": false, ""default"": """"}, {""ordinal"": 9, ""name"": ""resolution_type"", ""native_type"": ""text"", ""nullable"": false, ""default"": """"}, {""ordinal"": 10, ""name"": ""authoritative_source"", ""native_type"": ""text"", ""nullable"": true, ""default"": """"}, {""ordinal"": 11, ""name"": ""has_conflict"", ""native_type"": ""boolean"", ""nullable"": false, ""default"": """"}, {""ordinal"": 12, ""name"": ""resolved_at"", ""native_type"": ""timestamp(6) with time zone"", ""nullable"": false, ""default"": """"}]","[{""name"": ""resolved_reservation_day_pkey"", ""kind"": ""p"", ""definition"": ""PRIMARY KEY (trading_date, service_period)""}]","[{""name"": ""resolved_reservation_day_pkey"", ""definition"": ""CREATE UNIQUE INDEX resolved_reservation_day_pkey ON public.resolved_reservation_day USING btree (trading_date, service_period)""}]"
saved_dashboard,4,exact,,,"{""created_at_max"": ""2026-10-08T12:00:47.551301+00:00"", ""created_at_min"": ""2026-10-08T00:42:41.401735+00:00"", ""created_at_nulls"": 0, ""created_by_nulls"": 0, ""current_revision_nulls"": 0, ""description_nulls"": 0, ""filters_nulls"": 0, ""id_nulls"": 0, ""layout_nulls"": 0, ""pinned_nulls"": 0, ""row_count"": 4, ""title_nulls"": 0, ""updated_at_max"": ""2026-10-08T12:00:47.551301+00:00"", ""updated_at_min"": ""2026-10-08T00:42:41.401735+00:00"", ""updated_at_nulls"": 0, ""visibility_nulls"": 0, ""widgets_nulls"": 0}","[{""ordinal"": 1, ""name"": ""id"", ""native_type"": ""uuid"", ""nullable"": false, ""default"": """"}, {""ordinal"": 2, ""name"": ""title"", ""native_type"": ""character varying(200)"", ""nullable"": false, ""default"": """"}, {""ordinal"": 3, ""name"": ""description"", ""native_type"": ""character varying(500)"", ""nullable"": true, ""default"": """"}, {""ordinal"": 4, ""name"": ""layout"", ""native_type"": ""character varying(32)"", ""nullable"": false, ""default"": """"}, {""ordinal"": 5, ""name"": ""widgets"", ""native_type"": ""jsonb"", ""nullable"": false, ""default"": """"}, {""ordinal"": 6, ""name"": ""created_by"", ""native_type"": ""character varying(255)"", ""nullable"": false, ""default"": """"}, {""ordinal"": 7, ""name"": ""created_at"", ""native_type"": ""timestamp(6) with time zone"", ""nullable"": false, ""default"": """"}, {""ordinal"": 8, ""name"": ""updated_at"", ""native_type"": ""timestamp(6) with time zone"", ""nullable"": false, ""default"": """"}, {""ordinal"": 9, ""name"": ""filters"", ""native_type"": ""jsonb"", ""nullable"": false, ""default"": ""'{}'::jsonb""}, {""ordinal"": 10, ""name"": ""visibility"", ""native_type"": ""character varying(16)"", ""nullable"": false, ""default"": ""'PRIVATE'::character varying""}, {""ordinal"": 11, ""name"": ""pinned"", ""native_type"": ""boolean"", ""nullable"": false, ""default"": ""false""}, {""ordinal"": 12, ""name"": ""current_revision"", ""native_type"": ""integer"", ""nullable"": false, ""default"": ""1""}]","[{""name"": ""saved_dashboard_pkey"", ""kind"": ""p"", ""definition"": ""PRIMARY KEY (id)""}]","[{""name"": ""saved_dashboard_pkey"", ""definition"": ""CREATE UNIQUE INDEX saved_dashboard_pkey ON public.saved_dashboard USING btree (id)""}]"
saved_dashboard_revision,4,exact,,,"{""created_at_max"": ""2026-10-08T12:00:47.559196+00:00"", ""created_at_min"": ""2026-10-08T00:42:41.414246+00:00"", ""created_at_nulls"": 0, ""created_by_nulls"": 0, ""dashboard_id_nulls"": 0, ""document_nulls"": 0, ""id_nulls"": 0, ""revision_nulls"": 0, ""row_count"": 4}","[{""ordinal"": 1, ""name"": ""id"", ""native_type"": ""uuid"", ""nullable"": false, ""default"": """"}, {""ordinal"": 2, ""name"": ""dashboard_id"", ""native_type"": ""uuid"", ""nullable"": false, ""default"": """"}, {""ordinal"": 3, ""name"": ""revision"", ""native_type"": ""integer"", ""nullable"": false, ""default"": """"}, {""ordinal"": 4, ""name"": ""document"", ""native_type"": ""jsonb"", ""nullable"": false, ""default"": """"}, {""ordinal"": 5, ""name"": ""created_by"", ""native_type"": ""character varying(255)"", ""nullable"": false, ""default"": """"}, {""ordinal"": 6, ""name"": ""created_at"", ""native_type"": ""timestamp(6) with time zone"", ""nullable"": false, ""default"": """"}]","[{""name"": ""saved_dashboard_revision_dashboard_id_fkey"", ""kind"": ""f"", ""definition"": ""FOREIGN KEY (dashboard_id) REFERENCES saved_dashboard(id) ON DELETE CASCADE""}, {""name"": ""saved_dashboard_revision_pkey"", ""kind"": ""p"", ""definition"": ""PRIMARY KEY (id)""}, {""name"": ""uq_dashboard_revision"", ""kind"": ""u"", ""definition"": ""UNIQUE (dashboard_id, revision)""}]","[{""name"": ""saved_dashboard_revision_pkey"", ""definition"": ""CREATE UNIQUE INDEX saved_dashboard_revision_pkey ON public.saved_dashboard_revision USING btree (id)""}, {""name"": ""uq_dashboard_revision"", ""definition"": ""CREATE UNIQUE INDEX uq_dashboard_revision ON public.saved_dashboard_revision USING btree (dashboard_id, revision)""}]"
saved_dashboard_share,0,exact,,,"{""dashboard_id_nulls"": 0, ""department_nulls"": 0, ""id_nulls"": 0, ""row_count"": 0, ""seniority_nulls"": 0}","[{""ordinal"": 1, ""name"": ""id"", ""native_type"": ""uuid"", ""nullable"": false, ""default"": """"}, {""ordinal"": 2, ""name"": ""dashboard_id"", ""native_type"": ""uuid"", ""nullable"": false, ""default"": """"}, {""ordinal"": 3, ""name"": ""department"", ""native_type"": ""character varying(64)"", ""nullable"": false, ""default"": """"}, {""ordinal"": 4, ""name"": ""seniority"", ""native_type"": ""character varying(64)"", ""nullable"": false, ""default"": """"}]","[{""name"": ""saved_dashboard_share_dashboard_id_fkey"", ""kind"": ""f"", ""definition"": ""FOREIGN KEY (dashboard_id) REFERENCES saved_dashboard(id) ON DELETE CASCADE""}, {""name"": ""saved_dashboard_share_pkey"", ""kind"": ""p"", ""definition"": ""PRIMARY KEY (id)""}, {""name"": ""uq_dashboard_share"", ""kind"": ""u"", ""definition"": ""UNIQUE (dashboard_id, department, seniority)""}]","[{""name"": ""saved_dashboard_share_pkey"", ""definition"": ""CREATE UNIQUE INDEX saved_dashboard_share_pkey ON public.saved_dashboard_share USING btree (id)""}, {""name"": ""uq_dashboard_share"", ""definition"": ""CREATE UNIQUE INDEX uq_dashboard_share ON public.saved_dashboard_share USING btree (dashboard_id, department, seniority)""}]"
user_account,4,exact,,,"{""active_nulls"": 0, ""created_at_max"": ""2026-10-02T12:32:03.495429+00:00"", ""created_at_min"": ""2026-09-21T04:16:50.309876+00:00"", ""created_at_nulls"": 0, ""department_nulls"": 0, ""display_name_nulls"": 0, ""email_nulls"": 0, ""id_nulls"": 0, ""password_hash_nulls"": 0, ""row_count"": 4, ""seniority_nulls"": 0, ""updated_at_max"": ""2026-10-02T12:32:03.495429+00:00"", ""updated_at_min"": ""2026-09-21T04:16:50.309876+00:00"", ""updated_at_nulls"": 0}","[{""ordinal"": 1, ""name"": ""id"", ""native_type"": ""uuid"", ""nullable"": false, ""default"": """"}, {""ordinal"": 2, ""name"": ""email"", ""native_type"": ""character varying(255)"", ""nullable"": false, ""default"": """"}, {""ordinal"": 3, ""name"": ""password_hash"", ""native_type"": ""character varying(255)"", ""nullable"": false, ""default"": """"}, {""ordinal"": 4, ""name"": ""display_name"", ""native_type"": ""character varying(255)"", ""nullable"": false, ""default"": """"}, {""ordinal"": 5, ""name"": ""department"", ""native_type"": ""character varying(100)"", ""nullable"": false, ""default"": """"}, {""ordinal"": 6, ""name"": ""seniority"", ""native_type"": ""character varying(100)"", ""nullable"": false, ""default"": """"}, {""ordinal"": 7, ""name"": ""active"", ""native_type"": ""boolean"", ""nullable"": false, ""default"": ""true""}, {""ordinal"": 8, ""name"": ""created_at"", ""native_type"": ""timestamp(6) with time zone"", ""nullable"": false, ""default"": """"}, {""ordinal"": 9, ""name"": ""updated_at"", ""native_type"": ""timestamp(6) with time zone"", ""nullable"": false, ""default"": """"}]","[{""name"": ""user_account_email_key"", ""kind"": ""u"", ""definition"": ""UNIQUE (email)""}, {""name"": ""user_account_pkey"", ""kind"": ""p"", ""definition"": ""PRIMARY KEY (id)""}]","[{""name"": ""idx_user_account_role"", ""definition"": ""CREATE INDEX idx_user_account_role ON public.user_account USING btree (department, seniority) WHERE (active = true)""}, {""name"": ""user_account_email_key"", ""definition"": ""CREATE UNIQUE INDEX user_account_email_key ON public.user_account USING btree (email)""}, {""name"": ""user_account_pkey"", ""definition"": ""CREATE UNIQUE INDEX user_account_pkey ON public.user_account USING btree (id)""}]"
