table_name,aggregate
canonical_daily_sales,"{""row_count"":203,""current_rows"":195,""superseded_rows"":8,""id_nulls"":0,""logical_entity_id_nulls"":0,""logical_entity_id_distinct"":187,""trading_date_nulls"":0,""trading_date_min"":""2026-04-02"",""trading_date_max"":""2026-10-08"",""source_system_nulls"":0,""source_system_distinct"":2,""source_record_ref_nulls"":0,""source_record_ref_distinct"":187,""raw_record_id_nulls"":0,""total_sales_nulls"":0,""gst_total_nulls"":0,""net_total_nulls"":0,""valid_from_nulls"":0,""valid_from_min"":""2026-10-06T01:11:46.277425+00:00"",""valid_from_max"":""2026-10-08T19:09:34.416512+00:00"",""valid_to_nulls"":203,""valid_to_min"":null,""valid_to_max"":null,""recorded_at_nulls"":0,""recorded_at_min"":""2026-10-06T01:11:46.277425+00:00"",""recorded_at_max"":""2026-10-08T19:09:34.416512+00:00"",""superseded_at_nulls"":195,""superseded_at_min"":""2026-10-06T08:02:50.185303+00:00"",""superseded_at_max"":""2026-10-08T17:00:56.199819+00:00""}"
table_name,aggregate
canonical_invoice,"{""row_count"":2333,""current_rows"":1167,""superseded_rows"":1166,""id_nulls"":0,""logical_entity_id_nulls"":0,""logical_entity_id_distinct"":1167,""source_system_nulls"":0,""source_system_distinct"":1,""source_record_ref_nulls"":0,""source_record_ref_distinct"":1167,""raw_record_id_nulls"":0,""supplier_name_nulls"":0,""supplier_name_distinct"":100,""invoice_number_nulls"":0,""invoice_number_distinct"":1167,""invoice_date_nulls"":0,""invoice_date_min"":""1989-10-01"",""invoice_date_max"":""2026-10-09"",""due_date_nulls"":0,""due_date_min"":""1989-10-01"",""due_date_max"":""2026-10-31"",""total_amount_nulls"":0,""valid_from_nulls"":0,""valid_from_min"":""2026-10-08T11:09:40.822082+00:00"",""valid_from_max"":""2026-10-08T17:20:21.16348+00:00"",""valid_to_nulls"":2333,""valid_to_min"":null,""valid_to_max"":null,""recorded_at_nulls"":0,""recorded_at_min"":""2026-10-08T11:09:40.822082+00:00"",""recorded_at_max"":""2026-10-08T17:20:21.16348+00:00"",""superseded_at_nulls"":1167,""superseded_at_min"":""2026-10-08T11:33:13.56511+00:00"",""superseded_at_max"":""2026-10-08T17:20:21.16348+00:00"",""purchase_number_nulls"":0,""account_number_nulls"":2333,""tax_code_nulls"":2333,""amount_ex_tax_nulls"":0,""gst_amount_nulls"":0,""freight_amount_nulls"":0,""freight_gst_amount_nulls"":2333,""pdf_filename_nulls"":1169}"
table_name,aggregate
canonical_invoice_line,"{""row_count"":15876,""current_rows"":6156,""superseded_rows"":9720,""id_nulls"":0,""logical_entity_id_nulls"":0,""logical_entity_id_distinct"":6156,""source_system_nulls"":0,""source_system_distinct"":1,""source_record_ref_nulls"":0,""source_record_ref_distinct"":6156,""raw_record_id_nulls"":0,""invoice_number_nulls"":0,""invoice_number_distinct"":1167,""invoice_date_nulls"":0,""invoice_date_min"":""1989-10-01"",""invoice_date_max"":""2026-10-09"",""product_name_key_nulls"":0,""product_name_key_distinct"":946,""quantity_nulls"":0,""unit_cost_nulls"":0,""line_total_nulls"":0,""category_nulls"":15876,""valid_from_nulls"":0,""valid_from_min"":""2026-10-08T11:09:40.844601+00:00"",""valid_from_max"":""2026-10-08T18:30:59.630946+00:00"",""valid_to_nulls"":15876,""valid_to_min"":null,""valid_to_max"":null,""recorded_at_nulls"":0,""recorded_at_min"":""2026-10-08T11:09:40.844601+00:00"",""recorded_at_max"":""2026-10-08T18:30:59.630946+00:00"",""superseded_at_nulls"":6156,""superseded_at_min"":""2026-10-08T11:33:13.572538+00:00"",""superseded_at_max"":""2026-10-08T18:30:59.630946+00:00"",""stock_code_nulls"":6157,""stock_code_distinct"":962,""uom_nulls"":11844,""unit_quantity_nulls"":14921,""pack_size_nulls"":15545,""wet_amount_nulls"":15698}"
table_name,aggregate
canonical_labour_entry,"{""row_count"":0,""current_rows"":0,""superseded_rows"":0,""id_nulls"":0,""logical_entity_id_nulls"":0,""logical_entity_id_distinct"":0,""source_system_nulls"":0,""source_system_distinct"":0,""source_record_ref_nulls"":0,""source_record_ref_distinct"":0,""raw_record_id_nulls"":0,""staff_ref_nulls"":0,""staff_ref_distinct"":0,""department_nulls"":0,""labour_date_nulls"":0,""labour_date_min"":null,""labour_date_max"":null,""scheduled_hours_nulls"":0,""actual_hours_nulls"":0,""scheduled_cost_nulls"":0,""actual_cost_nulls"":0,""shift_start_nulls"":0,""shift_start_min"":null,""shift_start_max"":null,""shift_end_nulls"":0,""shift_end_min"":null,""shift_end_max"":null,""valid_from_nulls"":0,""valid_from_min"":null,""valid_from_max"":null,""valid_to_nulls"":0,""valid_to_min"":null,""valid_to_max"":null,""recorded_at_nulls"":0,""recorded_at_min"":null,""recorded_at_max"":null,""superseded_at_nulls"":0,""superseded_at_min"":null,""superseded_at_max"":null}"
table_name,aggregate
canonical_product_sales,"{""row_count"":13272,""current_rows"":13185,""superseded_rows"":87,""id_nulls"":0,""logical_entity_id_nulls"":0,""logical_entity_id_distinct"":13185,""trading_date_nulls"":0,""trading_date_min"":""2026-07-08"",""trading_date_max"":""2026-10-08"",""product_name_key_nulls"":0,""product_name_key_distinct"":520,""source_system_nulls"":0,""source_system_distinct"":1,""source_record_ref_nulls"":0,""source_record_ref_distinct"":13185,""raw_record_id_nulls"":0,""quantity_sold_nulls"":0,""amount_nulls"":0,""valid_from_nulls"":0,""valid_from_min"":""2026-10-06T01:35:40.776153+00:00"",""valid_from_max"":""2026-10-08T17:21:37.760041+00:00"",""valid_to_nulls"":13272,""valid_to_min"":null,""valid_to_max"":null,""recorded_at_nulls"":0,""recorded_at_min"":""2026-10-06T01:35:40.776153+00:00"",""recorded_at_max"":""2026-10-08T17:21:37.760041+00:00"",""superseded_at_nulls"":13185,""superseded_at_min"":""2026-10-08T04:46:33.224628+00:00"",""superseded_at_max"":""2026-10-08T17:21:37.732342+00:00""}"
table_name,aggregate
canonical_reservation,"{""row_count"":0,""current_rows"":0,""superseded_rows"":0,""id_nulls"":0,""logical_entity_id_nulls"":0,""logical_entity_id_distinct"":0,""source_system_nulls"":0,""source_system_distinct"":0,""source_record_ref_nulls"":0,""source_record_ref_distinct"":0,""raw_record_id_nulls"":0,""reservation_at_nulls"":0,""reservation_at_min"":null,""reservation_at_max"":null,""party_size_nulls"":0,""status_nulls"":0,""table_name_nulls"":0,""source_channel_nulls"":0,""party_name_nulls"":0,""valid_from_nulls"":0,""valid_from_min"":null,""valid_from_max"":null,""valid_to_nulls"":0,""valid_to_min"":null,""valid_to_max"":null,""recorded_at_nulls"":0,""recorded_at_min"":null,""recorded_at_max"":null,""superseded_at_nulls"":0,""superseded_at_min"":null,""superseded_at_max"":null}"
table_name,aggregate
canonical_sale_item,"{""row_count"":0,""current_rows"":0,""superseded_rows"":0,""id_nulls"":0,""valid_from_nulls"":0,""valid_from_min"":null,""valid_from_max"":null,""valid_to_nulls"":0,""valid_to_min"":null,""valid_to_max"":null,""recorded_at_nulls"":0,""recorded_at_min"":null,""recorded_at_max"":null,""superseded_at_nulls"":0,""superseded_at_min"":null,""superseded_at_max"":null,""item_name_nulls"":0,""quantity_sold_nulls"":0,""amount_nulls"":0,""logical_entity_id_nulls"":0,""logical_entity_id_distinct"":0,""source_system_nulls"":0,""source_system_distinct"":0,""source_record_ref_nulls"":0,""source_record_ref_distinct"":0,""raw_record_id_nulls"":0}"
table_name,aggregate
canonical_shift,"{""row_count"":0,""current_rows"":0,""superseded_rows"":0,""id_nulls"":0,""valid_from_nulls"":0,""valid_from_min"":null,""valid_from_max"":null,""valid_to_nulls"":0,""valid_to_min"":null,""valid_to_max"":null,""recorded_at_nulls"":0,""recorded_at_min"":null,""recorded_at_max"":null,""superseded_at_nulls"":0,""superseded_at_min"":null,""superseded_at_max"":null,""staff_member_ref_nulls"":0,""shift_start_nulls"":0,""shift_start_min"":null,""shift_start_max"":null,""shift_end_nulls"":0,""shift_end_min"":null,""shift_end_max"":null,""logical_entity_id_nulls"":0,""logical_entity_id_distinct"":0,""source_system_nulls"":0,""source_system_distinct"":0,""source_record_ref_nulls"":0,""source_record_ref_distinct"":0,""raw_record_id_nulls"":0}"
table_name,aggregate
canonical_stock_count,"{""row_count"":0,""current_rows"":0,""superseded_rows"":0,""id_nulls"":0,""logical_entity_id_nulls"":0,""logical_entity_id_distinct"":0,""source_system_nulls"":0,""source_system_distinct"":0,""source_record_ref_nulls"":0,""source_record_ref_distinct"":0,""raw_record_id_nulls"":0,""counted_date_nulls"":0,""counted_date_min"":null,""counted_date_max"":null,""product_name_key_nulls"":0,""product_name_key_distinct"":0,""quantity_on_hand_nulls"":0,""valid_from_nulls"":0,""valid_from_min"":null,""valid_from_max"":null,""valid_to_nulls"":0,""valid_to_min"":null,""valid_to_max"":null,""recorded_at_nulls"":0,""recorded_at_min"":null,""recorded_at_max"":null,""superseded_at_nulls"":0,""superseded_at_min"":null,""superseded_at_max"":null}"
table_name,aggregate
canonical_wastage,"{""row_count"":0,""current_rows"":0,""superseded_rows"":0,""id_nulls"":0,""logical_entity_id_nulls"":0,""logical_entity_id_distinct"":0,""source_system_nulls"":0,""source_system_distinct"":0,""source_record_ref_nulls"":0,""source_record_ref_distinct"":0,""raw_record_id_nulls"":0,""wastage_date_nulls"":0,""wastage_date_min"":null,""wastage_date_max"":null,""product_name_key_nulls"":0,""product_name_key_distinct"":0,""quantity_nulls"":0,""reason_nulls"":0,""valid_from_nulls"":0,""valid_from_min"":null,""valid_from_max"":null,""valid_to_nulls"":0,""valid_to_min"":null,""valid_to_max"":null,""recorded_at_nulls"":0,""recorded_at_min"":null,""recorded_at_max"":null,""superseded_at_nulls"":0,""superseded_at_min"":null,""superseded_at_max"":null}"
table_name,aggregate
conversation_message,"{""row_count"":6,""id_nulls"":0,""thread_id_nulls"":0,""role_nulls"":0,""content_nulls"":0,""tool_trace_nulls"":0,""created_at_nulls"":0,""created_at_min"":""2026-10-08T00:42:17.399894+00:00"",""created_at_max"":""2026-10-09T02:35:31.717546+00:00""}"
table_name,aggregate
conversation_thread,"{""row_count"":3,""id_nulls"":0,""user_account_id_nulls"":0,""title_nulls"":0,""summary_nulls"":3,""created_at_nulls"":0,""created_at_min"":""2026-10-08T00:42:17.399894+00:00"",""created_at_max"":""2026-10-09T02:35:27.039896+00:00"",""updated_at_nulls"":0,""updated_at_min"":""2026-10-08T00:42:22.648573+00:00"",""updated_at_max"":""2026-10-09T02:35:31.717546+00:00"",""last_message_at_nulls"":0,""last_message_at_min"":""2026-10-08T00:42:22.648573+00:00"",""last_message_at_max"":""2026-10-09T02:35:31.717546+00:00""}"
table_name,aggregate
daily_sales_override,"{""row_count"":2,""current_rows"":2,""superseded_rows"":0,""id_nulls"":0,""trading_date_nulls"":0,""trading_date_min"":""2026-10-05"",""trading_date_max"":""2026-10-06"",""authoritative_source_nulls"":0,""reason_nulls"":2,""recorded_at_nulls"":0,""recorded_at_min"":""2026-10-07T07:14:41.054757+00:00"",""recorded_at_max"":""2026-10-07T07:14:45.579319+00:00"",""superseded_at_nulls"":2,""superseded_at_min"":null,""superseded_at_max"":null,""actor_email_nulls"":0}"
table_name,aggregate
flyway_schema_history,"{""row_count"":31,""installed_rank_nulls"":0,""version_nulls"":0,""description_nulls"":0,""type_nulls"":0,""script_nulls"":0,""checksum_nulls"":0,""installed_by_nulls"":0,""installed_on_nulls"":0,""installed_on_min"":""2026-09-20T02:03:03.577234"",""installed_on_max"":""2026-10-08T13:39:54.933964"",""execution_time_nulls"":0,""success_nulls"":0}"
table_name,aggregate
ingestion_failure,"{""row_count"":21,""id_nulls"":0,""source_system_nulls"":0,""source_system_distinct"":1,""failure_type_nulls"":0,""detail_nulls"":0,""occurred_at_nulls"":0,""occurred_at_min"":""2026-10-02T12:43:10.953427+00:00"",""occurred_at_max"":""2026-10-08T17:21:51.187406+00:00"",""ingestion_run_id_nulls"":0,""stack_trace_nulls"":10}"
table_name,aggregate
ingestion_run,"{""row_count"":2719,""id_nulls"":0,""source_system_nulls"":0,""source_system_distinct"":2,""connector_name_nulls"":0,""status_nulls"":0,""started_at_nulls"":0,""started_at_min"":""2026-09-21T20:16:08.081863+00:00"",""started_at_max"":""2026-10-09T00:24:00.687227+00:00"",""completed_at_nulls"":0,""completed_at_min"":""2026-09-21T20:16:08.218425+00:00"",""completed_at_max"":""2026-10-09T00:24:00.752442+00:00"",""input_watermark_nulls"":2719,""output_watermark_nulls"":2719,""fetched_count_nulls"":0,""persisted_count_nulls"":0,""failure_summary_nulls"":2698}"
table_name,aggregate
inventory_override,"{""row_count"":0,""current_rows"":0,""superseded_rows"":0,""id_nulls"":0,""trading_date_nulls"":0,""trading_date_min"":null,""trading_date_max"":null,""overridden_purchases_nulls"":0,""reason_nulls"":0,""actor_email_nulls"":0,""recorded_at_nulls"":0,""recorded_at_min"":null,""recorded_at_max"":null,""superseded_at_nulls"":0,""superseded_at_min"":null,""superseded_at_max"":null}"
table_name,aggregate
invoice_ingest_flag,"{""row_count"":916,""id_nulls"":0,""flag_type_nulls"":0,""invoice_number_nulls"":0,""invoice_number_distinct"":546,""pdf_filename_nulls"":6,""stock_code_nulls"":255,""stock_code_distinct"":204,""detail_nulls"":0,""occurred_at_nulls"":0,""occurred_at_min"":""2026-10-08T17:15:16.319944+00:00"",""occurred_at_max"":""2026-10-09T00:19:00.69541+00:00""}"
table_name,aggregate
labour_override,"{""row_count"":0,""current_rows"":0,""superseded_rows"":0,""id_nulls"":0,""trading_date_nulls"":0,""trading_date_min"":null,""trading_date_max"":null,""department_nulls"":0,""overridden_actual_hours_nulls"":0,""reason_nulls"":0,""actor_email_nulls"":0,""recorded_at_nulls"":0,""recorded_at_min"":null,""recorded_at_max"":null,""superseded_at_nulls"":0,""superseded_at_min"":null,""superseded_at_max"":null}"
table_name,aggregate
permission,"{""row_count"":12,""id_nulls"":0,""department_nulls"":0,""seniority_nulls"":0,""resource_nulls"":0,""can_read_nulls"":0,""can_write_nulls"":0}"
table_name,aggregate
product_sales_override,"{""row_count"":0,""current_rows"":0,""superseded_rows"":0,""id_nulls"":0,""trading_date_nulls"":0,""trading_date_min"":null,""trading_date_max"":null,""product_name_key_nulls"":0,""product_name_key_distinct"":0,""authoritative_source_nulls"":0,""reason_nulls"":0,""actor_email_nulls"":0,""recorded_at_nulls"":0,""recorded_at_min"":null,""recorded_at_max"":null,""superseded_at_nulls"":0,""superseded_at_min"":null,""superseded_at_max"":null}"
table_name,aggregate
raw_record,"{""row_count"":3715,""id_nulls"":0,""source_system_nulls"":0,""source_system_distinct"":2,""fetch_method_nulls"":0,""content_type_nulls"":0,""parsed_payload_nulls"":3715,""fetcher_identity_nulls"":0,""fetched_at_nulls"":0,""fetched_at_min"":""2026-09-21T20:16:08.206575+00:00"",""fetched_at_max"":""2026-10-09T00:24:00.742394+00:00"",""ingestion_run_id_nulls"":0,""payload_bytes_nulls"":0,""payload_sha256_nulls"":0,""payload_byte_length_nulls"":0,""character_encoding_nulls"":2654}"
table_name,aggregate
reconciliation_exception,"{""row_count"":0,""entity_type_nulls"":0,""entity_key_nulls"":0,""trading_date_nulls"":0,""trading_date_min"":null,""trading_date_max"":null,""field_key_nulls"":0,""status_nulls"":0,""detected_at_nulls"":0,""detected_at_min"":null,""detected_at_max"":null}"
table_name,aggregate
reservation_override,"{""row_count"":0,""current_rows"":0,""superseded_rows"":0,""id_nulls"":0,""trading_date_nulls"":0,""trading_date_min"":null,""trading_date_max"":null,""service_period_nulls"":0,""overridden_covers_nulls"":0,""reason_nulls"":0,""actor_email_nulls"":0,""recorded_at_nulls"":0,""recorded_at_min"":null,""recorded_at_max"":null,""superseded_at_nulls"":0,""superseded_at_min"":null,""superseded_at_max"":null}"
table_name,aggregate
resolution_rule,"{""row_count"":4,""current_rows"":1,""superseded_rows"":3,""id_nulls"":0,""entity_type_nulls"":0,""field_key_nulls"":0,""strategy_nulls"":0,""custom_logic_nulls"":3,""source_priority_nulls"":1,""actor_email_nulls"":0,""recorded_at_nulls"":0,""recorded_at_min"":""2026-10-08T03:50:29.253126+00:00"",""recorded_at_max"":""2026-10-08T12:03:14.398568+00:00"",""superseded_at_nulls"":1,""superseded_at_min"":""2026-10-08T03:50:39.327058+00:00"",""superseded_at_max"":""2026-10-08T12:03:14.398568+00:00"",""superseded_by_nulls"":1}"
table_name,aggregate
resolved_daily_sales,"{""row_count"":187,""trading_date_nulls"":0,""trading_date_min"":""2026-04-02"",""trading_date_max"":""2026-10-08"",""total_sales_nulls"":0,""resolution_type_nulls"":0,""authoritative_source_nulls"":0,""has_conflict_nulls"":0,""resolved_at_nulls"":0,""resolved_at_min"":""2026-10-08T17:00:56.258607+00:00"",""resolved_at_max"":""2026-10-08T19:09:34.426979+00:00"",""net_sales_nulls"":0,""gst_nulls"":0}"
table_name,aggregate
resolved_inventory_day,"{""row_count"":164,""trading_date_nulls"":0,""trading_date_min"":""1989-10-01"",""trading_date_max"":""2026-10-09"",""purchases_nulls"":0,""wastage_nulls"":164,""stock_on_hand_nulls"":164,""resolution_type_nulls"":0,""authoritative_source_nulls"":0,""has_conflict_nulls"":0,""resolved_at_nulls"":0,""resolved_at_min"":""2026-10-09T02:31:41.823283+00:00"",""resolved_at_max"":""2026-10-09T02:31:41.823283+00:00""}"
table_name,aggregate
resolved_labour_day,"{""row_count"":0,""trading_date_nulls"":0,""trading_date_min"":null,""trading_date_max"":null,""department_nulls"":0,""scheduled_hours_nulls"":0,""actual_hours_nulls"":0,""scheduled_cost_nulls"":0,""actual_cost_nulls"":0,""resolution_type_nulls"":0,""authoritative_source_nulls"":0,""has_conflict_nulls"":0,""resolved_at_nulls"":0,""resolved_at_min"":null,""resolved_at_max"":null}"
table_name,aggregate
resolved_product_sales,"{""row_count"":13185,""trading_date_nulls"":0,""trading_date_min"":""2026-07-08"",""trading_date_max"":""2026-10-08"",""product_name_key_nulls"":0,""product_name_key_distinct"":520,""quantity_sold_nulls"":0,""amount_nulls"":0,""resolution_type_nulls"":0,""authoritative_source_nulls"":0,""has_conflict_nulls"":0,""resolved_at_nulls"":0,""resolved_at_min"":""2026-10-09T02:31:35.64026+00:00"",""resolved_at_max"":""2026-10-09T02:31:35.64026+00:00""}"
table_name,aggregate
resolved_reservation_day,"{""row_count"":0,""trading_date_nulls"":0,""trading_date_min"":null,""trading_date_max"":null,""service_period_nulls"":0,""bookings_nulls"":0,""attended_nulls"":0,""covers_nulls"":0,""cancelled_nulls"":0,""no_shows_nulls"":0,""walk_ins_nulls"":0,""resolution_type_nulls"":0,""authoritative_source_nulls"":0,""has_conflict_nulls"":0,""resolved_at_nulls"":0,""resolved_at_min"":null,""resolved_at_max"":null}"
table_name,aggregate
saved_dashboard,"{""row_count"":4,""id_nulls"":0,""title_nulls"":0,""description_nulls"":0,""layout_nulls"":0,""widgets_nulls"":0,""created_by_nulls"":0,""created_at_nulls"":0,""created_at_min"":""2026-10-08T00:42:41.401735+00:00"",""created_at_max"":""2026-10-08T12:00:47.551301+00:00"",""updated_at_nulls"":0,""updated_at_min"":""2026-10-08T00:42:41.401735+00:00"",""updated_at_max"":""2026-10-08T12:00:47.551301+00:00"",""filters_nulls"":0,""visibility_nulls"":0,""pinned_nulls"":0,""current_revision_nulls"":0}"
table_name,aggregate
saved_dashboard_revision,"{""row_count"":4,""id_nulls"":0,""dashboard_id_nulls"":0,""revision_nulls"":0,""document_nulls"":0,""created_by_nulls"":0,""created_at_nulls"":0,""created_at_min"":""2026-10-08T00:42:41.414246+00:00"",""created_at_max"":""2026-10-08T12:00:47.559196+00:00""}"
table_name,aggregate
saved_dashboard_share,"{""row_count"":0,""id_nulls"":0,""dashboard_id_nulls"":0,""department_nulls"":0,""seniority_nulls"":0}"
table_name,aggregate
user_account,"{""row_count"":4,""id_nulls"":0,""email_nulls"":0,""password_hash_nulls"":0,""display_name_nulls"":0,""department_nulls"":0,""seniority_nulls"":0,""active_nulls"":0,""created_at_nulls"":0,""created_at_min"":""2026-09-21T04:16:50.309876+00:00"",""created_at_max"":""2026-10-02T12:32:03.495429+00:00"",""updated_at_nulls"":0,""updated_at_min"":""2026-09-21T04:16:50.309876+00:00"",""updated_at_max"":""2026-10-02T12:32:03.495429+00:00""}"
